path,accident_time,center_x,center_y,type
videos/CfyyqTRMA6A_00.mp4,2.8,0.397,0.145,head-on
videos/X9mDWoU5gq0_00.mp4,7.5,0.034,0.049,head-on
videos/0J5lP1YbTHc_00.mp4,8.4,0.925,0.186,head-on
videos/5dZ0U3pINII_00.mp4,12.0,0.214,0.924,head-on
videos/qdHRfSReZ0w_00.mp4,3.1,0.091,0.099,head-on
videos/russia17_00.mp4,3.8,1.208,0.566,head-on
videos/Be6S5ecMGXA_00.mp4,5.6,0.381,0.33,head-on
videos/NxY_zN9UWqA_00.mp4,8.8,0.114,0.43,head-on
videos/russia20_00.mp4,5.5,0.598,0.508,head-on
videos/gKNkwyn6a-o_00.mp4,10.2,0.261,0.306,head-on
videos/Z3VF85Ibvc8_00.mp4,11.1,0.531,0.327,head-on
videos/UcJKeuDYOzc_16_00.mp4,8.1,0.13,0.073,head-on
videos/udz8ku0RP6Q_00.mp4,14.8,0.01,0.639,head-on
videos/eQvvIoDMXzY_00.mp4,8.1,0.33,0.454,head-on
videos/ygTLvXB2H_o_02.mp4,13.0,0.522,0.314,head-on
videos/JC52fZUaMio_00.mp4,9.8,0.135,0.083,head-on
videos/oeRlPluv-eY_00.mp4,9.1,0.103,0.067,head-on
videos/1Utldy8lKBo_00.mp4,3.2,0.411,0.225,head-on
videos/9XfMq4ikGTU_00.mp4,29.1,0.248,0.175,head-on
videos/k932VZGqE6c_0_00.mp4,10.6,0.16,0.145,head-on
videos/Z52L6jGdSkY_12_00.mp4,3.2,0.494,0.583,head-on
videos/MTOPgMW9aIg_00.mp4,8.6,0.675,0.116,head-on
videos/KiVTcO5wpds_00.mp4,4.0,0.287,0.128,head-on
videos/a8zHkZ_t16k_00.mp4,11.9,0.221,0.794,head-on
videos/XaqA-uzqeNc_00.mp4,2.0,0.094,0.257,head-on
videos/1BIZOZtxRpY_00.mp4,3.4,0.254,0.059,head-on
videos/y1FUdBq8QII_00.mp4,7.8,0.493,0.241,head-on
videos/kkwEN_zBCx8_00.mp4,10.1,0.394,0.234,head-on
videos/jFpORnj_-cI_00.mp4,3.1,0.047,0.096,head-on
videos/SDYTt7CqbTE_00.mp4,11.7,0.02,0.024,head-on
videos/MvV_hkztDqE_00.mp4,12.2,0.167,0.24,head-on
videos/c2-5uzj1W5k_00.mp4,8.5,0.688,0.349,head-on
videos/xaZ2WJAHrgY_00.mp4,7.8,0.28,0.141,head-on
videos/n77TaXyADls_00.mp4,5.1,0.627,0.358,head-on
videos/FY2wvzTv5vo_01.mp4,19.1,0.187,0.084,head-on
videos/6mVcTFd5TzI_2_00.mp4,2.5,0.027,0.194,head-on
videos/NjK1CBPb0tY_00.mp4,7.7,0.364,0.757,head-on
videos/FhFwhsyOjUU_00.mp4,22.6,0.308,0.18,head-on
videos/QX2MmlSq2AQ_00.mp4,13.3,0.457,0.574,head-on
videos/orZsH8JuEE4_00.mp4,15.9,0.065,0.113,head-on
videos/fvnovsPGazc_00.mp4,7.2,0.297,0.443,head-on
videos/g-JnlWPEZd4_00.mp4,19.0,0.751,0.86,head-on
videos/x8GY43DccAs_00.mp4,20.4,0.111,0.11,head-on
videos/ZVFTg3X2Acc_00.mp4,14.4,0.355,0.192,head-on
videos/AeQaR7cklVU_00.mp4,4.1,0.381,0.231,head-on
videos/kR4rLZ7ANAQ_00.mp4,1.3,0.314,0.122,head-on
videos/3Xd6PxEvbNk_2_00.mp4,4.9,0.012,0.319,head-on
videos/YigXRe0SDos_00.mp4,2.1,0.556,0.571,head-on
videos/lM1uI0uKh-U_00.mp4,12.1,0.109,0.309,head-on
videos/7DhAOb5V7_Y_00.mp4,4.7,0.156,0.469,head-on
videos/TLjDFutg8mI_00.mp4,1.5,0.144,0.959,head-on
videos/kOOstkWDxz0_00.mp4,7.1,0.282,0.459,head-on
videos/5ayuUyxh1aQ_00.mp4,11.4,0.185,0.186,head-on
videos/LY4ki_2dmwU_00.mp4,10.4,0.383,0.603,head-on
videos/ALFF5620ljk_7_00.mp4,3.7,0.117,0.297,head-on
videos/nHmyMVHNPDs_00.mp4,8.5,0.609,0.481,head-on
videos/QE7qzpppF2c_00.mp4,2.9,0.259,0.026,head-on
videos/bow1eKeR6oY_00.mp4,12.6,0.233,0.463,head-on
videos/fgI4vUtP_1I_00.mp4,11.5,0.405,0.207,head-on
videos/BgdKGnFqz0I_00.mp4,2.7,0.17,0.284,head-on
videos/fYUPTfVRKEk_00.mp4,8.5,0.238,0.214,head-on
videos/KxlGte5pVZs_00.mp4,5.2,0.467,0.312,head-on
videos/NKA8MgHBw5A_00.mp4,9.0,0.71,0.881,head-on
videos/ALFF5620ljk_8_00.mp4,7.5,0.166,0.108,head-on
videos/fFxTIUK_Ju0_00.mp4,3.8,0.333,0.027,head-on
videos/ht0QCYJRWXc_00.mp4,11.9,0.04,0.362,head-on
videos/SA_ZC0qlqdg_00.mp4,13.5,0.472,0.052,head-on
videos/OBYOHYWB8XE_00.mp4,8.7,0.384,0.646,head-on
videos/y6d2TfbeWFk_00.mp4,14.9,0.2,0.457,head-on
videos/xwp9G0TuTUk_00.mp4,4.6,0.066,0.029,head-on
videos/LiM5LPSZoow_00.mp4,6.8,0.099,0.192,head-on
videos/G203AMlz_Yo_00.mp4,14.3,0.137,0.937,head-on
videos/Xu_5PuNK6Mc_00.mp4,3.1,0.308,0.285,head-on
videos/kaggle-fahaddalwai-cctvfootagevideo_4_00.mp4,7.7,0.115,0.05,head-on
videos/x4jVejiZNsI_00.mp4,5.4,0.055,0.069,head-on
videos/jJ4IJnInYnE_00.mp4,5.3,0.559,0.107,head-on
videos/K4we-6FhePo_00.mp4,8.3,0.681,0.32,head-on
videos/KOeH4VgqYR4_00.mp4,9.7,0.379,0.097,head-on
videos/nH1Xj9-rVwc_00.mp4,2.6,0.032,0.107,head-on
videos/-gbcp_G6NAE_00.mp4,16.5,0.652,0.232,head-on
videos/fhZ9Mb-Ps3M_00.mp4,16.8,0.111,0.174,head-on
videos/k-LD0H31Rug_00.mp4,3.9,0.404,0.271,head-on
videos/poiJgI2OE-w_00.mp4,23.9,0.031,0.013,head-on
videos/_9tp71S2Gwg_00.mp4,7.9,0.164,0.161,head-on
videos/_75B7Y8QaX0_00.mp4,5.1,0.23,0.022,head-on
videos/xYbFnmG3-Og_00.mp4,8.3,0.048,0.026,head-on
videos/HSDqCUHuz8Q_3_00.mp4,9.0,0.637,0.011,head-on
videos/ZQ4epUNXIYU_00.mp4,5.0,0.187,0.227,head-on
videos/QbTAfMWdSN0_00.mp4,9.6,0.033,0.42,head-on
videos/russia3_00.mp4,9.0,0.319,0.194,head-on
videos/P7BOK9E4kS8_00.mp4,9.9,0.468,0.583,head-on
videos/zYgBOSbkY3A_00.mp4,2.1,0.935,0.534,head-on
videos/t1jKUTg1Qq0_00.mp4,14.1,0.211,0.094,head-on
videos/DVEA5y2V4-w_00.mp4,17.1,0.589,0.115,head-on
videos/Hg0kgEuDppk_00.mp4,15.5,0.683,0.371,head-on
videos/SMqZ9jI9TOE_00.mp4,18.3,0.52,0.488,head-on
videos/4AWUHOvuV9I_00.mp4,12.3,0.331,0.663,head-on
videos/Jafouq9fwp4_00.mp4,10.2,0.823,0.781,head-on
videos/v_i8N0-kt2w_00.mp4,10.2,0.192,0.426,head-on
videos/Y0_pbJCqL6k_00.mp4,3.4,0.334,0.157,head-on
videos/Ns30XeulhHo_04.mp4,1.6,0.824,0.122,head-on
videos/As0H5IK0CBI_00.mp4,4.3,0.112,0.169,head-on
videos/UjwqemSQkbQ_00.mp4,13.7,0.23,0.583,head-on
videos/CLxtkUlDwYs_00.mp4,1.6,0.736,0.441,head-on
videos/Am-8EdFyiOU_00.mp4,5.1,0.107,0.34,head-on
videos/kaggle-fahaddalwai-cctvfootagevideo_3_00.mp4,5.5,0.131,0.092,head-on
videos/3dL7_KqiBoo_00.mp4,15.6,0.433,0.31,head-on
videos/HYUcneYzPZM_00.mp4,9.0,0.947,1.894,head-on
videos/UntkxMpwFSY_00.mp4,19.2,0.279,0.094,head-on
videos/Ru94OqVK6Rs_00.mp4,6.8,0.288,0.032,head-on
videos/i09Z9tesnac_00.mp4,13.3,0.156,0.039,head-on
videos/82sQ7N-aHOw_00.mp4,7.6,0.186,0.321,head-on
videos/NbRmwSIXDzw_00.mp4,11.9,0.322,0.373,head-on
videos/Dum9n19ZHYk_00.mp4,7.1,0.752,0.482,head-on
videos/russia15_00.mp4,6.2,0.711,0.217,head-on
videos/ZZM8_m1ngcc_00.mp4,10.2,0.248,0.405,head-on
videos/G4QrIWuvNoM_00.mp4,6.5,0.41,0.108,head-on
videos/XSgpMS9s9B8_01.mp4,1.4,0.691,0.122,head-on
videos/9Pfq8OtTeQA_00.mp4,2.8,0.041,0.233,head-on
videos/bZp0v_Xt8EU_00.mp4,7.6,0.416,0.423,head-on
videos/OJkIuYwVcHA_00.mp4,20.2,0.533,0.185,head-on
videos/yzLkvjtWFeI_00.mp4,13.8,0.168,0.341,head-on
videos/ju6wnVi72qI_00.mp4,4.0,0.529,0.11,head-on
videos/1hJlpaZsYa8_00.mp4,2.3,0.566,0.059,head-on
videos/gmz3d4kegRk_00.mp4,10.2,0.676,0.274,head-on
videos/N6zJ2inqJn0_0_00.mp4,8.7,0.055,0.272,head-on
videos/H644DZi-cWQ_00.mp4,2.4,0.374,0.026,head-on
videos/EcsgXARlmDI_00.mp4,7.3,0.359,0.054,head-on
videos/0vD3cfW9BtI_00.mp4,2.9,0.066,0.074,head-on
videos/Chf8yRqccCM_00.mp4,5.1,0.057,0.41,head-on
videos/TvdgqAnb3QM_00.mp4,6.3,0.1,0.249,head-on
videos/xFWObpD8KiE_00.mp4,11.4,0.494,0.246,head-on
videos/mntY3Xh8lT4_00.mp4,5.0,0.078,0.648,head-on
videos/qkOFqDO_mL4_00.mp4,2.1,0.071,0.399,head-on
videos/4tXvj7hHsNA_00.mp4,1.6,0.178,0.085,head-on
videos/uCHnvKyEwYU_00.mp4,7.3,0.646,0.195,head-on
videos/iiBMFJqcrGY_00.mp4,14.8,0.458,0.374,head-on
videos/jTOB7nAs2HE_00.mp4,12.1,0.304,0.171,head-on
videos/HMdWAx9g5eI_00.mp4,2.1,0.279,0.44,head-on
videos/-z1jK6UwRec_00.mp4,1.4,0.204,0.038,head-on
videos/jPTJZRBPQgc_00.mp4,3.5,0.747,0.157,head-on
videos/cYwpWiiwZro_00.mp4,4.5,0.231,0.319,head-on
videos/xP_sW92sGh8_00.mp4,12.8,0.339,0.63,head-on
videos/EyZo7F2P35A_00.mp4,9.5,0.235,0.269,head-on
videos/UarP8qU1S-c_01.mp4,3.0,0.803,0.56,head-on
videos/RyBUzrZQ0Bc_00.mp4,14.7,0.149,0.203,head-on
videos/_lcVYPMK8RY_00.mp4,1.4,0.613,0.173,head-on
videos/WcZTk9VxOJo_00.mp4,3.8,0.142,0.159,head-on
videos/bys_qghQe0w_01.mp4,3.7,0.489,0.132,head-on
videos/LsXzcdBISgw_00.mp4,1.6,0.127,0.05,head-on
videos/mOwuW8t6-GQ_6_00.mp4,10.5,0.256,0.127,head-on
videos/8ZzJdjQi-aM_00.mp4,6.8,0.126,0.337,head-on
videos/XESYC4RcqGQ_00.mp4,9.3,0.318,0.115,head-on
videos/l6WnoOecA9s_00.mp4,3.1,0.551,0.283,head-on
videos/2xyiKlvOZUQ_00.mp4,7.0,0.371,0.62,head-on
videos/xrzQq265lAc_00.mp4,1.1,0.318,0.088,head-on
videos/1AfecaLCueU_00.mp4,7.6,0.292,0.613,head-on
videos/jbfxAh30dDc_00.mp4,2.6,0.09,0.341,normal
videos/0jlyeLcFLVc_00.mp4,14.2,0.783,0.68,head-on
videos/WeNSWeu3fe4_00.mp4,11.9,0.143,0.266,head-on
videos/1yedrznGA8g_00.mp4,9.9,0.139,0.923,head-on
videos/ga0JEJ0fnGY_00.mp4,2.3,0.057,0.023,head-on
videos/jaCr2wkcYJ8_00.mp4,10.0,0.477,0.446,head-on
videos/fd3l6Z3OSXE_00.mp4,4.4,0.214,0.022,head-on
videos/3gFe7GtkEPk_00.mp4,15.4,1.547,1.825,head-on
videos/sl2h_VexIkA_00.mp4,5.0,0.249,0.436,head-on
videos/Mem77KKhF8c_00.mp4,8.7,0.205,0.647,head-on
videos/6AzIoSDn5Qs_00.mp4,8.8,0.213,0.525,head-on
videos/video38_00.mp4,2.7,0.124,0.117,head-on
videos/Hjax6nMPd6Q_00.mp4,11.6,0.734,0.288,head-on
videos/SCrgYtvPgzY_00.mp4,15.9,0.323,0.579,head-on
videos/MsQns-Oy-hk_01.mp4,4.9,0.419,0.3,head-on
videos/GBKfe2jmXn4_00.mp4,14.0,0.128,0.32,head-on
videos/QeZz4_zmy1I_00.mp4,2.1,0.336,0.28,head-on
videos/SS38UP-0QnU_00.mp4,4.5,0.115,0.549,head-on
videos/yQz3PyPvr5Y_00.mp4,7.6,0.191,0.403,head-on
videos/u4lFhg1C20o_00.mp4,3.9,0.063,0.57,head-on
videos/aW7LYUp_0ig_00.mp4,7.9,0.298,0.319,head-on
videos/kuwhQxdw6TU_00.mp4,11.2,0.303,0.264,head-on
videos/SPC9zwYFzdI_00.mp4,8.6,0.506,0.227,head-on
videos/UcJKeuDYOzc_9_00.mp4,5.0,0.197,0.273,head-on
videos/VRayIckJrBs_00.mp4,7.3,0.15,0.535,head-on
videos/mhQIf0yVU3g_3_00.mp4,2.3,0.216,0.02,head-on
videos/-7-vQ4obVwQ_00.mp4,5.4,0.197,0.636,head-on
videos/BdHk9yhbB94_00.mp4,1.4,0.113,0.033,head-on
videos/_0RDZgCKPGo_00.mp4,8.5,0.045,0.078,head-on
videos/a3T2DygvH4w_00.mp4,5.7,0.561,0.164,head-on
videos/jndtah0zyZ4_00.mp4,25.1,0.316,0.128,head-on
videos/YTOvt3Ac1z4_0_00.mp4,31.1,0.433,0.342,head-on
videos/k9lZ453AVO8_00.mp4,6.1,0.022,0.084,head-on
videos/at2_tQSDlKg_00.mp4,28.5,0.419,0.19,head-on
videos/3Xd6PxEvbNk_7_00.mp4,4.3,0.006,0.314,head-on
videos/RHwcGsU3d08_00.mp4,14.7,0.135,0.232,head-on
videos/8G56ILxFFNM_00.mp4,4.3,0.42,0.39,head-on
videos/jgAGNNIG13E_00.mp4,14.9,0.522,0.266,head-on
videos/tDN-mwNSJc8_2_00.mp4,3.1,0.441,0.057,head-on
videos/jHJ3Sfhg4HA_00.mp4,4.6,0.217,0.219,head-on
videos/rJaAl_YfQiM_00.mp4,5.5,0.061,0.645,head-on
videos/gzu1NnmXMuY_00.mp4,2.4,0.027,0.039,head-on
videos/wQ0jtlL3tbA_00.mp4,12.6,0.12,0.616,head-on
videos/1VI1lKlJQd0_00.mp4,7.7,0.295,0.296,head-on
videos/AuQz_-J2kzc_27_00.mp4,3.3,0.181,0.05,head-on
videos/MXO-t9vukaM_00.mp4,1.1,0.146,0.022,head-on
videos/lwsVlWv6Oe8_00.mp4,5.1,0.261,0.911,head-on
videos/ZkHzHo_PvIM_00.mp4,15.7,0.76,0.913,head-on
videos/_ky1Mxj5bQY_00.mp4,4.3,0.101,0.151,head-on
videos/XSgpMS9s9B8_00.mp4,1.3,0.691,0.121,head-on
videos/X-S19mWQG9s_00.mp4,1.8,0.394,0.51,head-on
videos/AuQz_-J2kzc_25_00.mp4,2.3,0.138,0.003,head-on
videos/CzOWGXrwbp4_00.mp4,2.9,0.276,0.11,head-on
videos/wScVipt0pWk_13_00.mp4,2.3,0.139,0.19,head-on
videos/BVvMdTfk43Y_00.mp4,15.8,0.615,0.193,head-on
videos/urdxgkwYUqM_00.mp4,13.7,0.337,0.522,head-on
videos/QB42gU5X634_00.mp4,3.1,0.649,0.232,head-on
videos/ILLwcx7DKvM_00.mp4,12.2,0.04,0.017,head-on
videos/aP-xY6fjndg_00.mp4,7.8,0.229,0.259,head-on
videos/bw6JUt3iQls_00.mp4,3.6,0.407,0.372,head-on
videos/nzxBMPZE-Ow_00.mp4,7.8,0.28,0.305,head-on
videos/p1ibbi6Pljw_00.mp4,12.0,0.16,0.429,head-on
videos/N8kPF4qITIM_00.mp4,5.3,0.271,0.02,head-on
videos/DHG33zf-bkk_00.mp4,5.1,0.132,0.205,head-on
videos/HxxaCH818LI_00.mp4,5.3,0.557,0.172,head-on
videos/iKpoAkiKqjw_00.mp4,1.3,0.548,0.441,head-on
videos/2QZf8MiIRK0_00.mp4,2.9,0.108,0.265,head-on
videos/YXRvo8IOyUM_00.mp4,2.6,0.162,0.124,head-on
videos/5fSIVNb3L64_00.mp4,8.6,0.283,0.296,head-on
videos/kUp_0rJe_OI_00.mp4,16.8,0.151,0.143,head-on
videos/oGQRRhrK2LA_00.mp4,14.3,0.394,0.399,head-on
videos/1lD9kE-VJ7I_00.mp4,8.9,0.114,0.287,head-on
videos/LiLrm5Zn19w_00.mp4,2.0,0.466,0.937,head-on
videos/9tBAfjjPEkw_00.mp4,23.3,0.603,0.126,head-on
videos/nlRWwNiCtsE_00.mp4,6.8,0.438,0.605,head-on
videos/knWz2A2w3Ts_00.mp4,4.9,0.708,0.61,head-on
videos/JmRMCNbbhOY_00.mp4,18.6,0.411,0.536,head-on
videos/gtKsxCrjJ2Q_00.mp4,4.1,0.392,0.542,head-on
videos/J4EFIegLA-I_00.mp4,5.2,0.021,0.96,head-on
videos/_wf9h2X_uU0_00.mp4,2.1,0.096,0.468,head-on
videos/AJjnEMemjDk_00.mp4,3.8,0.147,0.626,head-on
videos/BX8gqiZIIHs_00.mp4,4.4,0.368,0.335,head-on
videos/UcJKeuDYOzc_3_00.mp4,3.2,0.196,0.274,head-on
videos/JEclWwaL-Ps_00.mp4,18.1,0.629,0.426,head-on
videos/O0v2MBUkTGk_00.mp4,6.4,0.494,0.303,head-on
videos/hYuubWpYtrI_00.mp4,5.8,0.642,0.244,head-on
videos/w7lzIHFlSsE_00.mp4,7.8,0.046,0.833,head-on
videos/DU2mJPGb3ys_00.mp4,6.3,0.242,0.713,head-on
videos/hgm6sQUl8Yg_00.mp4,15.0,0.722,0.116,head-on
videos/8s8en2EJPzg_00.mp4,7.3,0.341,0.301,head-on
videos/HVAxCUrR_Qc_00.mp4,1.3,0.466,0.17,head-on
videos/Q5YnuRI6QSM_00.mp4,15.7,0.004,0.341,head-on
videos/uAkT7TEx6uM_00.mp4,16.8,0.416,0.196,head-on
videos/eZGqsmnXpHQ_00.mp4,8.6,0.063,0.644,head-on
videos/jnarvwUc5NU_00.mp4,2.7,0.262,0.206,head-on
videos/IQDkEcJP3rw_00.mp4,4.9,0.715,0.603,head-on
videos/uKieP03gwxQ_00.mp4,10.2,0.277,0.864,head-on
videos/diYHDL2G4KA_00.mp4,4.6,0.045,0.849,head-on
videos/H6DKiF_kwIs_00.mp4,13.0,0.241,0.565,head-on
videos/cZo9DI6DSIY_02.mp4,16.2,0.464,0.399,head-on
videos/AHIdbeOcAE0_00.mp4,4.9,0.023,0.619,head-on
videos/zSujHC7MOcU_00.mp4,20.9,0.128,0.197,head-on
videos/1O-y5PmPWdU_00.mp4,21.5,0.145,0.416,head-on
videos/KIAzlkbMog4_00.mp4,6.6,0.142,0.434,head-on
videos/e__4RhcKov4_00.mp4,6.3,0.265,0.165,head-on
videos/n0pXXp0cWWw_00.mp4,6.9,0.254,0.191,head-on
videos/Vk8h0fpJgcs_00.mp4,12.1,0.647,0.29,head-on
videos/L2cVGFG5rwE_00.mp4,15.9,0.606,0.159,head-on
videos/NaRgSBNtbFY_00.mp4,10.2,0.673,0.448,head-on
videos/24IyPsinbH8_00.mp4,4.5,0.371,0.406,head-on
videos/GAuVOgez5bQ_00.mp4,5.9,0.503,0.228,head-on
videos/lj2jsTChFEo_00.mp4,4.0,0.76,0.912,head-on
videos/oPHbqlp1o5k_00.mp4,5.0,0.721,0.606,head-on
videos/T24gWiWxbZs_00.mp4,10.1,0.167,0.469,head-on
videos/l9KMgfV5BeU_00.mp4,12.0,0.31,0.137,head-on
videos/czn7oGEwENs_00.mp4,6.1,0.324,1.842,head-on
videos/xDnxHFltzfQ_00.mp4,2.7,0.471,0.93,head-on
videos/bzNkUstnRMM_00.mp4,13.5,0.282,0.333,head-on
videos/Th2EbZpLkrk_00.mp4,7.9,0.86,0.211,head-on
videos/hdyWKrR5uCk_01.mp4,2.1,0.368,0.601,head-on
videos/LQ3ERldwsJQ_00.mp4,25.9,0.463,0.277,head-on
videos/T0Rkm2Q2e2k_00.mp4,8.4,0.306,0.01,head-on
videos/nFpT2-RpAS8_2_00.mp4,10.7,0.211,0.244,head-on
videos/39Ac-6i9SVM_00.mp4,13.2,0.068,0.053,head-on
videos/ve9ThZ4xzrQ_00.mp4,6.8,0.134,0.66,head-on
videos/Xe9CoVqpv9c_2_00.mp4,3.5,0.335,0.089,head-on
videos/zOgTWOFJpKg_01.mp4,7.2,0.36,0.054,head-on
videos/AFK28KnqDOQ_00.mp4,2.3,0.172,0.176,head-on
videos/U46ElqUKa_4_00.mp4,17.3,0.252,0.359,head-on
videos/jT5Kpwh7mBE_00.mp4,5.2,0.233,0.515,head-on
videos/UEXRGvWNta8_0_00.mp4,2.2,0.144,0.114,head-on
videos/YueG1zLkV8o_02.mp4,2.8,0.331,0.007,head-on
videos/irYEjSeXzAM_00.mp4,3.3,0.226,0.919,head-on
videos/9u2VbfYpcBw_00.mp4,3.5,0.284,0.277,head-on
videos/Z52L6jGdSkY_7_00.mp4,2.5,0.274,0.196,head-on
videos/OehnhIPFm4Q_01.mp4,4.1,0.357,0.048,head-on
videos/__WFqm4i3vE_00.mp4,7.9,0.539,0.489,head-on
videos/rAqvr6D_CwU_00.mp4,11.3,0.443,0.043,head-on
videos/neRsGdCvROM_00.mp4,11.1,0.747,0.343,head-on
videos/fEijKQwtcD4_00.mp4,18.4,0.299,0.418,head-on
videos/YmswRbkR2YA_00.mp4,4.8,0.42,0.372,head-on
videos/Zw3DbNY6ZpE_00.mp4,10.5,0.376,0.207,head-on
videos/eaAiEUwvy20_00.mp4,24.9,0.499,0.328,head-on
videos/EOylWdC12mY_00.mp4,1.2,0.294,0.392,head-on
videos/jzFOvz-C9q0_00.mp4,15.4,0.495,0.415,head-on
videos/reXieySb4JI_00.mp4,8.1,0.427,0.639,head-on
videos/bcuWtCE-SnE_00.mp4,6.6,0.561,0.208,head-on
videos/nhEW6whH4HE_00.mp4,13.1,0.081,0.614,head-on
videos/zKzNUiaoHZI_00.mp4,3.1,0.455,0.636,head-on
videos/Au7DlgzqzEo_00.mp4,11.7,0.28,0.088,head-on
videos/WyJmpozauFo_00.mp4,2.9,0.281,0.936,head-on
videos/V_2hATv3LNY_00.mp4,1.1,0.207,0.703,head-on
videos/AuQz_-J2kzc_15_00.mp4,5.4,0.323,0.038,head-on
videos/yS2IYwSqqVk_00.mp4,13.2,0.379,0.338,head-on
videos/xDNd4r5dECc_00.mp4,11.8,0.44,0.606,head-on
videos/BGXx55xRiic_00.mp4,4.6,0.816,0.298,head-on
videos/xBSWuwJElBc_00.mp4,6.2,0.303,0.393,head-on
videos/BJ2kS9k9sZI_00.mp4,16.4,0.141,0.072,head-on
videos/LmWvBPSBxNE_00.mp4,3.5,0.075,0.3,head-on
videos/IcHtsAFIRjk_00.mp4,1.6,0.324,0.58,head-on
videos/9eE5_INjzaQ_00.mp4,3.7,0.156,0.588,head-on
videos/hs-_vD6T78s_00.mp4,4.4,0.14,0.548,head-on
videos/mOwuW8t6-GQ_4_00.mp4,28.2,0.632,0.061,head-on
videos/95Tx-2p0O_E_00.mp4,4.3,0.259,0.192,head-on
videos/7ZCKQq8C3X0_00.mp4,24.8,0.224,0.2,head-on
videos/BpMHNEa79lo_2_00.mp4,9.3,0.499,0.572,head-on
videos/nKz4V0ajOgc_00.mp4,3.2,0.272,0.021,head-on
videos/ahyVT91vv8c_00.mp4,3.6,0.299,0.345,head-on
videos/7jr-TzLKTrU_00.mp4,13.9,0.05,0.195,head-on
videos/Iy_GdGD-ySg_00.mp4,11.6,0.226,0.428,head-on
videos/n1da-gnbUBU_00.mp4,3.1,0.396,0.344,head-on
videos/jPM0jwxK2W8_00.mp4,2.8,0.506,0.609,head-on
videos/FY2wvzTv5vo_00.mp4,4.4,0.026,0.08,head-on
videos/pQ84BiOk854_00.mp4,2.7,0.053,0.23,head-on
videos/ue2PvUTPXTs_00.mp4,7.8,0.083,0.342,head-on
videos/yWyxEWTof1A_00.mp4,8.9,0.263,0.051,head-on
videos/7YEUfIVVk9Y_0_00.mp4,4.7,0.127,0.283,head-on
videos/PgdU-LSKlZU_00.mp4,3.6,0.323,0.83,head-on
videos/x5XPG-uYJlM_00.mp4,14.0,0.072,0.148,head-on
videos/JeUAtNDJk9A_00.mp4,3.7,0.385,0.417,head-on
videos/w5gsLw2EF-w_00.mp4,13.9,0.301,0.343,head-on
videos/c_fIpDR79Wo_00.mp4,3.4,0.326,0.154,head-on
videos/e17Wq4Hpqlk_01.mp4,3.1,0.168,0.132,head-on
videos/6T58bsyZz40_00.mp4,4.1,0.355,0.25,head-on
videos/adNfN1i5mXs_00.mp4,2.5,0.63,0.457,head-on
videos/0isplBZQftg_00.mp4,14.6,0.358,0.551,head-on
videos/4qfPNqggweo_00.mp4,16.9,0.088,0.12,head-on
videos/EN-JKUXkwPQ_4_00.mp4,3.2,0.103,0.172,head-on
videos/kkwEN_zBCx8_02.mp4,5.8,0.488,0.271,head-on
videos/k88wOc1q7kI_00.mp4,9.5,0.107,0.609,head-on
videos/r0IIrqV5xPo_00.mp4,4.8,0.591,0.382,head-on
videos/l4xiNaUc-Bw_00.mp4,8.3,0.1,0.056,head-on
videos/-oreKuCoQnI_00.mp4,4.6,0.656,0.435,head-on
videos/maJsgJsapH4_00.mp4,8.4,0.555,0.697,head-on
videos/KZ8uvPQdYdk_00.mp4,17.3,0.244,0.132,head-on
videos/6wS8Dv8-S8s_00.mp4,17.1,0.409,0.282,head-on
videos/EEYAqpWdNAE_00.mp4,11.7,0.454,0.213,head-on
videos/jrbryXS0w74_00.mp4,18.8,0.374,0.264,head-on
videos/lRcaIAGppGs_00.mp4,7.3,0.469,0.431,head-on
videos/uiZD8Fw0SGc_00.mp4,9.8,0.439,0.201,head-on
videos/ZGDoRBiCxEA_00.mp4,14.4,0.157,0.588,head-on
videos/qFypaL4RVTw_00.mp4,7.4,0.682,0.908,head-on
videos/Ah1BmOi3V4Q_00.mp4,5.8,0.134,0.472,head-on
videos/cvITZqgCI3M_00.mp4,4.4,0.511,0.422,head-on
videos/94fta3ZwkM0_00.mp4,13.7,0.41,0.199,head-on
videos/video56_00.mp4,2.7,0.013,0.166,head-on
videos/7YEUfIVVk9Y_2_00.mp4,4.0,0.277,0.393,head-on
videos/v-XEgdEkmEk_00.mp4,8.0,0.143,0.118,head-on
videos/30EzKWQx48c_00.mp4,5.1,0.179,0.219,head-on
videos/Xy3P5EhdZ7k_00.mp4,4.2,0.201,0.01,head-on
videos/a8-i2E4jrpk_00.mp4,1.9,0.088,0.305,head-on
videos/CVSBJThqVgA_00.mp4,4.4,0.198,0.96,head-on
videos/idAIp622PoY_00.mp4,7.0,0.346,0.031,head-on
videos/T636miXHz3U_00.mp4,3.9,0.241,0.102,head-on
videos/D1eP4Bn4hDQ_0_00.mp4,9.5,0.144,0.247,head-on
videos/TvPX5q1VvE0_0_00.mp4,5.1,0.428,0.364,head-on
videos/Yf9mgizvxiE_00.mp4,23.9,0.165,0.143,head-on
videos/Lqgoisezv8E_00.mp4,7.3,0.425,0.331,head-on
videos/P74ieG--On8_00.mp4,7.3,0.744,0.449,head-on
videos/HZXYwgLy0RE_00.mp4,13.1,0.086,0.254,head-on
videos/xsX4nrMR0ds_00.mp4,8.9,0.34,0.038,head-on
videos/RWbYqk_RtSE_00.mp4,5.1,0.006,0.624,head-on
videos/lfQuoQHfc4k_00.mp4,2.5,0.77,0.303,head-on
videos/fVIMQD0Bo2M_00.mp4,2.7,0.102,0.195,head-on
videos/LxNrteV6pVs_01.mp4,7.0,0.367,0.541,head-on
videos/O0_rWZB5-xM_00.mp4,10.9,0.56,0.351,head-on
videos/MLNUAH0Nc5w_00.mp4,5.4,0.062,0.348,head-on
videos/vFEHKkVl-og_00.mp4,7.0,0.438,0.216,head-on
videos/-6SQSDj8cYU_00.mp4,3.3,0.519,0.596,head-on
videos/russia18_00.mp4,6.5,0.831,0.388,head-on
videos/93SNo1CTA_w_00.mp4,14.9,0.143,0.179,head-on
videos/uPwNRl6V9i8_00.mp4,2.8,0.327,0.581,head-on
videos/T4luKRj7Mhg_00.mp4,3.4,0.63,0.407,head-on
videos/ozCjkCKp6DQ_00.mp4,1.6,0.225,0.612,head-on
videos/CvNTYeiVF7s_00.mp4,11.9,0.52,0.627,head-on
videos/Z52L6jGdSkY_10_00.mp4,6.4,0.243,0.154,head-on
videos/CQaoY2QypM8_00.mp4,2.4,0.373,0.246,head-on
videos/k932VZGqE6c_3_00.mp4,3.3,0.044,0.093,head-on
videos/QaJHRtPAQRE_00.mp4,7.1,0.117,0.01,head-on
videos/gACmlFi5x0A_00.mp4,7.6,0.086,0.031,head-on
videos/4Q4q7Y1GGHk_00.mp4,7.0,0.072,0.622,head-on
videos/kM5FhXJsyWA_00.mp4,12.8,0.18,0.767,head-on
videos/-jZ5Rlhzzi4_00.mp4,6.9,0.092,0.134,head-on
videos/C7fGGRaVtJs_00.mp4,1.2,0.261,0.21,head-on
videos/BwR4-5ASq1k_00.mp4,3.5,0.229,0.381,head-on
videos/eTF4L0hxKtI_00.mp4,4.6,0.226,0.155,head-on
videos/OoflvRjRL_Q_00.mp4,2.5,0.079,0.29,head-on
videos/kaggle-fahaddalwai-cctvfootagevideo_6_00.mp4,5.6,0.149,0.155,head-on
videos/UcJKeuDYOzc_15_00.mp4,6.7,0.027,0.025,head-on
videos/XESYC4RcqGQ_04.mp4,4.9,0.243,0.133,head-on
videos/xKT7khciy-c_5_00.mp4,6.7,0.136,0.009,head-on
videos/WouBHgQJBM4_00.mp4,14.1,0.191,0.197,head-on
videos/b9pzQFB39ZU_00.mp4,4.2,0.342,0.428,head-on
videos/Z0GQkjeJ28s_00.mp4,7.6,0.608,0.28,head-on
videos/TvOF9UpguyM_00.mp4,11.4,0.241,0.189,head-on
videos/_DbmvhywZZ8_00.mp4,12.2,0.252,0.433,head-on
videos/WiX5bXnWtXg_00.mp4,7.4,0.319,0.625,head-on
videos/P4oEdSFJvfU_00.mp4,7.0,0.488,0.202,head-on
videos/6fIB4cD0IrE_00.mp4,21.1,0.301,0.432,head-on
videos/gS2xiB7q7sk_00.mp4,14.5,0.267,0.173,head-on
videos/hAaMPL2ieyE_00.mp4,3.8,0.406,0.234,head-on
videos/EpkEvZLzKko_00.mp4,7.0,0.223,0.136,head-on
videos/rZ4OS1E_Hqg_00.mp4,10.4,0.1,0.06,head-on
videos/OjosPgV4Lss_00.mp4,7.7,0.381,0.22,head-on
videos/dEqwcxeYJw4_00.mp4,14.9,0.373,0.301,head-on
videos/oqzyCtlqYUw_00.mp4,5.7,0.127,0.226,head-on
videos/nAXTthLfgtI_00.mp4,4.3,0.425,0.447,head-on
videos/tqSAFTzuCy4_00.mp4,4.5,0.317,0.137,head-on
videos/Xdpsr1GVl4U_00.mp4,2.0,0.159,0.603,head-on
videos/YD-7Fnztg_4_00.mp4,14.7,0.373,0.141,head-on
videos/YyJF_uXryNs_00.mp4,8.6,0.317,0.264,head-on
videos/OKlebmp3c0M_00.mp4,7.6,0.25,0.131,head-on
videos/FnahNGsmeSQ_00.mp4,10.6,0.502,0.114,head-on
videos/50uYv-SxT-o_00.mp4,4.4,0.357,0.626,head-on
videos/0BHjx8wX7pc_00.mp4,6.5,0.407,0.417,head-on
videos/n4SC6GEp99A_00.mp4,10.3,0.753,0.913,head-on
videos/r4P0kKBitVM_00.mp4,2.2,0.301,0.254,head-on
videos/bSZkOI7eF8k_1_00.mp4,6.3,0.252,0.274,head-on
videos/JZnyV3r3cA4_00.mp4,3.0,0.054,0.64,head-on
videos/x7yDzEf3TxM_00.mp4,4.2,0.326,0.037,head-on
videos/J19P9fWUj2U_00.mp4,10.6,0.182,0.05,head-on
videos/D7D-zT4wxC4_00.mp4,6.3,0.778,0.955,head-on
videos/typL5MlQdQU_00.mp4,18.7,0.786,0.851,head-on
videos/JHq6SVNhY0Y_00.mp4,5.8,0.342,0.313,head-on
videos/bMFK3B5qPiE_00.mp4,29.1,0.156,0.343,head-on
videos/VLYIKXy1gzg_00.mp4,12.7,0.414,0.161,head-on
videos/hSt-aJwZqsY_3_00.mp4,3.6,0.297,0.241,head-on
videos/y4Evv5By6sg_4_00.mp4,5.0,0.252,0.096,head-on
videos/4XE22RAmqnM_00.mp4,11.5,0.36,0.098,head-on
videos/kd7QwQqeJZQ_02.mp4,3.6,0.442,0.103,normal
videos/lgU3T6kySLw_00.mp4,5.9,0.378,0.239,head-on
videos/video72_00.mp4,2.1,0.645,0.199,head-on
videos/GbIQab3ECjI_00.mp4,6.3,0.554,0.783,head-on
videos/8j-qfY6_Bxg_00.mp4,3.4,0.092,0.083,head-on
videos/BcZnPHU8nvY_00.mp4,13.2,0.224,0.405,head-on
videos/VVgQuJDBIfU_00.mp4,7.2,0.348,0.272,head-on
videos/oAYCNrUXNow_00.mp4,5.9,0.127,0.262,head-on
videos/kI-AKIXGLiY_00.mp4,3.6,0.511,0.625,head-on
videos/06jVQmpCJn4_00.mp4,1.6,0.106,0.937,head-on
videos/gi01QYHz8-E_00.mp4,8.5,0.334,0.452,head-on
videos/aTlLIoo3nCE_00.mp4,12.1,0.137,0.154,head-on
videos/IF-F7mUXhas_00.mp4,5.5,0.095,0.018,head-on
videos/CnsDyfXdf8s_0_00.mp4,7.4,0.168,0.322,head-on
videos/mr_it2B6muI_00.mp4,4.7,1.02,0.43,head-on
videos/9gEAWXvgLTw_00.mp4,1.9,0.251,0.627,head-on
videos/oXHq9qN7jyk_00.mp4,10.5,0.217,0.38,head-on
videos/FOPldt8txP4_00.mp4,6.1,0.548,0.918,head-on
videos/ZTLYOhzf8Jw_00.mp4,6.5,0.426,0.439,head-on
videos/RKxTyn2z-QQ_00.mp4,9.5,0.166,0.454,head-on
videos/MXoQL7GPBts_00.mp4,4.6,0.296,0.182,head-on
videos/8jfM1_kqjuY_00.mp4,3.9,0.407,0.585,head-on
videos/Q72Ly8rGtnc_00.mp4,14.6,0.123,0.285,head-on
videos/Kw_Xo2iUEZQ_00.mp4,3.3,0.449,0.522,head-on
videos/1yWbvi0K6Eg_00.mp4,7.6,0.295,0.228,head-on
videos/B_6HYZSji3I_00.mp4,4.5,0.49,0.946,head-on
videos/vR3sZ1IxPAo_01.mp4,8.3,1.114,1.102,head-on
videos/r-fThmrFOqs_00.mp4,2.8,0.408,0.124,head-on
videos/VObOhcls5kI_00.mp4,6.2,0.175,0.625,head-on
videos/Tb4q9PqHXRc_00.mp4,9.0,0.365,0.321,head-on
videos/qigDKE0vaXw_00.mp4,7.6,0.367,0.305,head-on
videos/vtXjJLurYMY_00.mp4,9.6,0.645,0.418,head-on
videos/YnYUC6nonG8_00.mp4,9.1,0.657,0.446,head-on
videos/KPyyCBJKS98_00.mp4,6.9,0.574,0.391,head-on
videos/SYBMrPb8-3Y_00.mp4,6.7,0.051,0.609,head-on
videos/XdFylnj-1B4_00.mp4,3.4,0.624,0.337,head-on
videos/YP7fpPBpqis_00.mp4,11.4,0.365,0.864,head-on
videos/sKJdbm04q6U_00.mp4,9.3,0.373,0.414,head-on
videos/jsh--BYn0pc_00.mp4,4.7,0.624,0.277,head-on
videos/X5RwksTFZW8_00.mp4,3.7,0.089,0.161,head-on
videos/dpwGsUssZeE_00.mp4,9.7,0.309,0.398,head-on
videos/cZqLDOqM9TM_00.mp4,13.5,0.302,0.204,head-on
videos/kgfitHjT3cs_00.mp4,5.0,0.063,0.115,head-on
videos/QE6eIgOY5v8_00.mp4,2.2,0.333,0.384,head-on
videos/XESYC4RcqGQ_03.mp4,9.1,0.073,0.236,head-on
videos/6eUG-Pp36_s_00.mp4,15.0,0.342,0.058,head-on
videos/hHLYbcQzL0U_00.mp4,1.1,0.341,0.186,head-on
videos/UjEFjnXKXXc_00.mp4,2.8,0.451,0.06,head-on
videos/jWFyAaY7r8E_00.mp4,4.0,0.373,0.109,head-on
videos/B3ehIhlZVD8_2_00.mp4,6.1,0.337,0.175,head-on
videos/ieFXAiS97A0_1_00.mp4,2.2,0.044,0.029,head-on
videos/nFpT2-RpAS8_3_00.mp4,6.7,0.207,0.295,head-on
videos/FAEmPbAt0Wk_00.mp4,14.5,0.76,0.603,head-on
videos/EN-JKUXkwPQ_6_00.mp4,3.7,0.179,0.031,head-on
videos/AuQz_-J2kzc_29_00.mp4,4.0,0.197,0.12,head-on
videos/p-8rTEjl_30_00.mp4,1.8,0.386,0.094,head-on
videos/IMy1fD-bTng_00.mp4,11.5,0.296,0.938,head-on
videos/cZo9DI6DSIY_01.mp4,13.8,0.14,0.389,head-on
videos/hN69Cb16naw_00.mp4,12.3,0.185,0.543,head-on
videos/-9oifpjUxxM_00.mp4,9.3,0.639,0.196,head-on
videos/sRyjIctHIdA_00.mp4,12.3,0.859,0.288,head-on
videos/CuKoIfFdF_U_00.mp4,7.3,0.76,0.914,head-on
videos/32Ou4XKEmgs_00.mp4,10.7,0.254,0.238,head-on
videos/IvpRueS_9RI_00.mp4,2.1,0.542,0.925,head-on
videos/cFpwh4gBvDc_00.mp4,3.5,0.132,0.096,head-on
videos/M6WWLqx3z88_00.mp4,6.3,0.567,0.719,head-on
videos/tHW7Y0dIwkg_00.mp4,2.7,0.152,0.284,head-on
videos/OJvzrl3xheI_00.mp4,3.7,0.3,0.623,head-on
videos/mEEMZBZHIrc_00.mp4,13.4,0.427,0.5,head-on
videos/ACcnz_yNp6Q_00.mp4,4.7,0.295,0.09,head-on
videos/l_2BO67srNo_00.mp4,4.2,0.295,0.404,head-on
videos/NmExQpJsyOA_00.mp4,27.7,0.151,0.391,head-on
videos/NyKEneNoK54_00.mp4,13.7,0.327,0.497,head-on
videos/1jCpA4y5NHY_00.mp4,14.7,0.804,0.514,head-on
videos/aDBb3QMnKZc_00.mp4,5.1,0.185,0.108,head-on
videos/S166sr07mgA_00.mp4,3.1,0.203,0.245,head-on
videos/8a1onzDf0Eg_00.mp4,3.2,0.326,0.314,head-on
videos/qNH-EtH6qPo_00.mp4,8.5,0.305,0.059,head-on
videos/FojgBxlQgiw_00.mp4,13.1,0.177,0.238,head-on
videos/jhkWGmAajmE_00.mp4,4.0,0.204,0.089,head-on
videos/9z1bEUb3qGI_00.mp4,2.7,0.342,0.616,head-on
videos/LMr2EuxQ1IY_00.mp4,11.6,0.373,0.618,head-on
videos/Zq0TjWFlXQI_00.mp4,12.3,0.368,0.183,head-on
videos/8i0FSER7SuE_00.mp4,7.6,0.374,0.604,head-on
videos/H0MCccZiB3M_00.mp4,27.4,0.285,0.21,head-on
videos/kd7QwQqeJZQ_00.mp4,3.2,0.436,0.011,head-on
videos/qfCt6R_rTMY_00.mp4,3.7,0.188,0.173,head-on
videos/3Xd6PxEvbNk_9_00.mp4,7.5,0.006,0.319,head-on
videos/QJYDZ1PBiYQ_00.mp4,4.3,0.842,0.546,head-on
videos/SWAI7FYPhjc_00.mp4,2.2,0.048,0.048,head-on
videos/Ov8CuX37yeo_00.mp4,21.0,0.523,0.404,head-on
videos/YWFPaOR1CZc_00.mp4,2.4,0.18,0.917,head-on
videos/AOlLjNQ2vu4_00.mp4,10.8,0.074,0.12,head-on
videos/R69Y-qYAuis_00.mp4,8.7,0.349,0.383,head-on
videos/PI75_k43UTI_00.mp4,2.9,0.172,0.387,head-on
videos/YrKYYuQHW9M_00.mp4,19.8,0.587,0.394,head-on
videos/JeIJWYefuBQ_00.mp4,11.9,0.147,0.018,head-on
videos/2wUrP2wgXhs_00.mp4,1.0,0.429,0.846,head-on
videos/w_4-UPeU_zc_00.mp4,3.3,0.341,0.361,head-on
videos/mTVpYeTKFN4_00.mp4,2.2,0.302,0.149,head-on
videos/Ex8VtDfLq8M_00.mp4,1.7,0.529,0.44,head-on
videos/3Si9WUEcmK8_00.mp4,1.6,0.039,0.647,head-on
videos/ob6zKCT1SGE_00.mp4,24.3,0.362,0.141,head-on
videos/1fe57nFDL_s_00.mp4,10.7,0.514,0.024,head-on
videos/dI-ueIMSLZQ_00.mp4,20.9,0.447,0.139,head-on
videos/EBUkwCDDOIU_00.mp4,8.7,0.421,0.27,head-on
videos/KMUWUj13hFw_00.mp4,6.3,0.185,0.349,head-on
videos/lKAtoCazPaE_00.mp4,21.2,0.29,0.242,head-on
videos/PD-N1gMJNXg_00.mp4,12.8,0.389,0.152,head-on
videos/3mB4p8BgiTg_00.mp4,14.1,0.524,0.241,head-on
videos/uD3kjTme_dU_00.mp4,3.5,0.153,0.376,head-on
videos/2xzko5Nggkc_00.mp4,4.6,0.398,0.241,normal
videos/8asB-NXAPSc_00.mp4,3.5,0.348,0.193,head-on
videos/XOIVTT7Fn9U_00.mp4,10.8,0.273,0.199,head-on
videos/-SNFUobKjoM_00.mp4,20.2,0.579,0.357,head-on
videos/wQ_pGHoj2SI_00.mp4,13.9,0.296,0.132,head-on
videos/dPXXrFXPqGc_00.mp4,1.1,0.392,0.077,head-on
videos/Pv0z5OwmK-Y_00.mp4,12.7,0.646,0.159,head-on
videos/M7tbQSvMe5o_00.mp4,9.7,0.175,0.218,head-on
videos/PAuYsJns-Fc_00.mp4,7.7,0.377,0.379,head-on
videos/65p17BwHTaw_00.mp4,2.3,0.046,0.131,head-on
videos/FJcKTvBI75U_01.mp4,11.9,0.313,0.304,head-on
videos/BF5W6-8AkGM_00.mp4,4.2,0.182,0.229,head-on
videos/GnpwLP2THmM_10_00.mp4,5.2,0.01,0.036,head-on
videos/mz-y5-ksDA8_00.mp4,5.7,0.589,0.622,head-on
videos/ggSUG42G9YE_00.mp4,14.7,0.355,0.037,head-on
videos/InbJMYd79yc_00.mp4,14.1,0.342,0.198,head-on
videos/nxtAJF0x3qQ_00.mp4,6.1,0.248,0.428,head-on
videos/lJvJnAxuX5U_0_00.mp4,5.5,0.035,0.085,head-on
videos/PQHiBa179Ew_00.mp4,11.7,0.207,0.472,head-on
videos/7ORiNi_LtxY_00.mp4,4.9,0.291,0.166,head-on
videos/BLq2n48HYZc_00.mp4,4.3,0.312,0.406,head-on
videos/tmklYgHVZcY_00.mp4,10.4,0.385,0.372,head-on
videos/YyJF_uXryNs_01.mp4,3.7,0.279,0.264,head-on
videos/uwdOQc-iC_c_00.mp4,10.2,0.187,0.643,head-on
videos/Pd6Ii4dcaUg_00.mp4,3.0,0.388,0.227,head-on
videos/MTxBv0i8B8w_00.mp4,12.7,0.317,0.287,head-on
videos/uAmblqScf8Q_00.mp4,5.6,0.327,0.557,head-on
videos/E56s-zfz2QE_00.mp4,7.4,0.258,0.136,head-on
videos/Qbgh3C8ew2o_00.mp4,3.6,0.046,0.209,head-on
videos/Nn10f6awuTk_00.mp4,7.0,0.472,0.699,head-on
videos/a5_Q39h5LM4_00.mp4,9.6,0.078,0.504,head-on
videos/Tk2ebvISDlk_00.mp4,6.0,0.268,0.396,head-on
videos/e5KS6Gffb3A_00.mp4,6.3,0.415,0.409,head-on
videos/Ef9PwNwVRvY_00.mp4,4.7,0.305,0.278,head-on
videos/29O6I-sITyw_00.mp4,2.5,0.304,0.166,head-on
videos/ygTLvXB2H_o_00.mp4,4.7,0.149,0.068,head-on
videos/Sb3SaOYjrrs_00.mp4,5.2,0.167,0.026,head-on
videos/Z3s9Wv38oRc_00.mp4,6.9,0.49,0.21,head-on
videos/mM1mhT8o578_00.mp4,7.6,0.475,0.685,head-on
videos/kv-u4ZiEGJA_4_00.mp4,2.6,0.319,0.252,head-on
videos/suSfwiex1Kk_00.mp4,1.5,0.278,0.932,head-on
videos/KZl-FNCuiGs_00.mp4,3.9,0.513,0.162,head-on
videos/russia2_00.mp4,7.7,0.186,0.385,head-on
videos/h50TQ3i9k5I_2_00.mp4,3.0,0.403,0.058,head-on
videos/UcJKeuDYOzc_6_00.mp4,4.2,0.181,0.096,head-on
videos/X8JXbRxpKk0_00.mp4,5.6,0.236,0.617,head-on
videos/ufVELUluHJE_00.mp4,4.5,0.56,0.271,head-on
videos/nROU35t27G4_00.mp4,28.7,0.258,0.219,head-on
videos/57T5Z3aTh4s_00.mp4,3.9,0.458,0.527,head-on
videos/-PpjzmhI_PE_00.mp4,10.9,0.57,0.322,head-on
videos/g_x7gdvFBWk_00.mp4,5.9,0.051,0.294,head-on
videos/h9vCRW9MVKI_00.mp4,11.9,0.354,0.354,head-on
videos/Z4kg2Ev3vhk_00.mp4,4.7,0.039,0.125,head-on
videos/ifCSaYvb0JA_00.mp4,11.4,0.19,0.295,head-on
videos/HXttLdePt0k_00.mp4,1.7,0.218,0.371,head-on
videos/Iu6k6jWZGZ0_00.mp4,9.8,0.254,0.07,head-on
videos/RokQ01Hx_Fg_00.mp4,27.1,0.382,0.201,head-on
videos/GWx-Z5rWhzc_00.mp4,8.7,0.486,0.503,head-on
videos/yap1ac36OsU_00.mp4,14.2,0.21,0.345,head-on
videos/k9CLUG7vBOY_00.mp4,5.7,0.142,0.435,head-on
videos/B85gUt1fzIU_00.mp4,1.6,0.359,0.259,head-on
videos/UcJKeuDYOzc_19_00.mp4,7.7,0.063,0.217,head-on
videos/russia12_00.mp4,4.9,1.211,0.622,head-on
videos/U53oza5hHEM_00.mp4,4.5,0.601,0.102,head-on
videos/fLdSFP_8PJ4_00.mp4,1.3,0.713,0.066,head-on
videos/russia13_00.mp4,3.6,0.498,0.195,head-on
videos/zVoe5ZUg3kE_00.mp4,12.7,0.402,0.448,head-on
videos/xKT7khciy-c_10_00.mp4,2.9,0.036,0.089,head-on
videos/glkdKMzVzkM_00.mp4,6.2,0.26,0.507,head-on
videos/DJ-zFm_TSTM_00.mp4,5.8,0.335,0.158,head-on
videos/eUAbFjZa1MI_00.mp4,4.7,0.136,0.104,head-on
videos/o5neAPqmNm8_00.mp4,4.5,0.046,0.936,head-on
videos/mD8Lu8KAoYc_00.mp4,2.2,0.248,0.424,head-on
videos/FKB8WfghbV0_00.mp4,11.3,0.288,0.333,head-on
videos/gRuYZISmQ3k_00.mp4,5.9,0.135,0.619,head-on
videos/I2qAsVRZSkc_00.mp4,29.3,0.501,0.022,head-on
videos/uh5OqU0h4ZM_00.mp4,26.5,0.515,0.311,head-on
videos/2UWHJTklurQ_00.mp4,1.3,0.208,0.037,head-on
videos/djlikkK0NnM_00.mp4,1.7,0.118,0.053,head-on
videos/oPdIw4WJ6ZU_00.mp4,1.7,0.488,0.479,head-on
videos/WgD4Rf1J8P4_00.mp4,3.3,0.804,0.941,head-on
videos/w5i2d9URq1I_00.mp4,12.0,0.43,0.334,head-on
videos/neosg71VJkY_00.mp4,9.6,0.093,0.674,head-on
videos/begSCBJgT4o_00.mp4,11.0,0.394,0.237,head-on
videos/IhxIuzCn1dM_00.mp4,4.5,0.838,0.916,head-on
videos/wrKbzGEUOlI_00.mp4,5.9,0.423,0.937,head-on
videos/CftpplTN-Qc_00.mp4,7.0,0.205,0.247,head-on
videos/zjHAkzyXOCg_00.mp4,10.1,0.548,0.444,head-on
videos/nsHYg3ENgk4_5_00.mp4,9.6,0.503,0.282,head-on
videos/0puo8kJOlmU_00.mp4,3.8,0.088,0.19,head-on
videos/cZo9DI6DSIY_03.mp4,5.9,0.219,0.221,head-on
videos/oiF_zB8j6MM_00.mp4,7.6,0.938,0.062,head-on
videos/Y4QHUzvOwwQ_00.mp4,7.7,0.177,0.609,head-on
videos/2dgMA7afLFc_00.mp4,8.2,0.231,0.114,head-on
videos/Gi1LR7ikvBo_00.mp4,18.1,0.241,0.235,head-on
videos/1-xArHJFlAQ_00.mp4,1.9,0.343,0.072,head-on
videos/FDjxbPaxmho_00.mp4,2.5,0.417,0.031,head-on
videos/teLTVBt01wU_00.mp4,5.7,0.011,0.357,head-on
videos/0jCQy-BZ1uw_00.mp4,26.5,0.201,0.184,head-on
videos/FV6XO5Yg9VU_00.mp4,13.1,0.232,0.191,head-on
videos/W8B8zo8IFPg_00.mp4,11.8,0.248,0.334,head-on
videos/zefBTt5RXko_00.mp4,5.7,0.142,0.31,head-on
videos/C5Vqz3BcyAs_00.mp4,2.0,0.444,0.152,head-on
videos/6oymx7wBmjw_03.mp4,7.4,0.61,0.181,head-on
videos/7NMgRqMghNs_00.mp4,12.3,0.351,0.339,head-on
videos/3AvjUT91bJA_00.mp4,2.4,0.468,0.199,head-on
videos/CJP-_jaZ3FQ_00.mp4,12.1,0.553,0.497,head-on
videos/qzOpk_d1pGU_00.mp4,17.0,0.079,0.644,head-on
videos/russia1_00.mp4,10.1,0.228,0.271,head-on
videos/KWBc4BKAUso_00.mp4,8.4,0.727,0.277,head-on
videos/7EqwXtQkP1I_00.mp4,3.3,0.308,0.236,head-on
videos/egyW5DsK8BQ_00.mp4,5.6,0.298,0.327,head-on
videos/jq-5EaxSR3M_00.mp4,8.3,0.241,0.148,head-on
videos/BpMHNEa79lo_3_00.mp4,5.6,0.577,0.639,head-on
videos/ZDiU58ZiXTk_00.mp4,11.7,0.357,0.255,head-on
videos/Ns30XeulhHo_02.mp4,3.4,0.381,0.157,head-on
videos/ITHSYGUkuV8_00.mp4,29.3,0.114,0.136,head-on
videos/njI11mpdwo0_00.mp4,6.4,0.473,0.616,head-on
videos/md2cHgL1TV0_00.mp4,9.4,0.087,0.199,head-on
videos/i3WeiV3H_aQ_00.mp4,5.5,0.409,0.982,head-on
videos/be0m9oxCN98_00.mp4,11.6,0.35,0.18,head-on
videos/-dVU8qW4ik8_00.mp4,7.3,0.443,0.622,head-on
videos/Rsl5cRsKZQ8_00.mp4,5.2,0.302,0.059,head-on
videos/6Xd4Xk76ylQ_00.mp4,14.2,0.29,0.306,head-on
videos/QSPGXxzUXVs_00.mp4,3.5,0.086,0.606,head-on
videos/GIm11SfAp8c_00.mp4,14.4,0.363,0.101,head-on
videos/vsgWvWqscHk_00.mp4,6.5,0.413,0.231,head-on
videos/-AztVDZ6cEE_00.mp4,4.4,0.19,0.257,head-on
videos/fHoZ2_uzu_k_00.mp4,4.9,0.204,0.925,head-on
videos/xCSV8hDQPDo_00.mp4,6.0,0.372,0.144,head-on
videos/ycOLojVqIAg_00.mp4,6.5,0.271,0.18,head-on
videos/VXuNX_OYkig_00.mp4,6.2,0.145,0.088,head-on
videos/ZftLPdDo5K8_00.mp4,15.0,0.407,0.274,head-on
videos/iAsAPYpjkS8_00.mp4,27.1,0.123,0.05,head-on
videos/VxcFvNWTn6M_00.mp4,12.3,0.134,0.625,head-on
videos/LeRsK6lfpK8_02.mp4,2.5,0.27,0.006,head-on
videos/6J-qSLHzj_k_00.mp4,6.0,0.178,0.105,head-on
videos/xUocvk0m-mc_00.mp4,7.5,0.175,0.468,head-on
videos/c_u8oPMBGEI_00.mp4,1.6,0.222,0.282,head-on
videos/Cu3dl1ABN2k_00.mp4,3.9,0.078,0.012,head-on
videos/zDgcljcRR8A_00.mp4,22.5,0.086,0.058,head-on
videos/hyZ-ZbPYabo_00.mp4,6.7,0.19,0.334,head-on
videos/-_J5xdxCZZU_00.mp4,1.2,0.489,0.024,head-on
videos/2QZf8MiIRK0_01.mp4,16.1,0.118,0.114,head-on
videos/Mk3DdsuI71U_00.mp4,28.8,0.233,0.247,head-on
videos/aPenMcX0LNY_00.mp4,3.8,0.263,0.295,head-on
videos/ja62cRF2tbQ_00.mp4,11.3,0.234,0.314,head-on
videos/5mrzzNJQOug_00.mp4,3.4,0.412,0.832,head-on
videos/fcJD3Xt4zzA_00.mp4,6.8,0.105,0.18,head-on
videos/7AFnEpBVrr4_00.mp4,15.5,0.255,0.333,head-on
videos/jx00BpwvIEc_00.mp4,3.5,0.56,0.394,head-on
videos/TqwcLiIQq3A_3_00.mp4,12.9,0.013,0.045,head-on
videos/4XYVvTuLGCg_00.mp4,3.7,0.512,0.946,head-on
videos/QtrYFnbDjeQ_00.mp4,10.2,0.192,0.285,head-on
videos/8ohINS1qks8_00.mp4,26.4,0.443,0.474,head-on
videos/S5EyvIwUUU0_00.mp4,11.7,0.195,0.359,head-on
videos/N6zJ2inqJn0_1_00.mp4,6.3,0.411,0.119,head-on
videos/rQy2l6gxB8c_1_00.mp4,5.5,0.179,0.358,head-on
videos/XGmx0mhtM_A_00.mp4,9.8,0.031,0.13,head-on
videos/Jmd2l99EQZE_00.mp4,19.5,0.453,0.927,head-on
videos/efXT6-Z1BGg_00.mp4,5.9,0.292,0.508,head-on
videos/r_s-IxnbXkw_00.mp4,3.2,0.427,0.063,head-on
videos/q7UutMH5DTM_00.mp4,5.4,0.236,0.062,head-on
videos/aPsS_HaokoU_00.mp4,6.5,0.441,0.501,head-on
videos/T1WbCBVGCHg_4_00.mp4,6.4,0.374,0.172,head-on
videos/OlyJb8yf1dI_00.mp4,14.9,0.238,0.939,head-on
videos/HLK2xLUfMsM_00.mp4,3.5,0.256,0.504,head-on
videos/2aYst3H2hjo_00.mp4,4.1,0.098,0.924,head-on
videos/clXKxQWjB4c_00.mp4,11.6,0.403,0.528,head-on
videos/miJaH5hcX5U_00.mp4,29.0,0.159,0.617,head-on
videos/LklNl33KztU_00.mp4,8.0,0.821,0.244,head-on
videos/ssoscEvTTLc_00.mp4,2.2,0.204,0.038,head-on
videos/nRLaHoFoa8s_00.mp4,7.4,0.475,0.645,head-on
videos/F_UEUU6h33s_00.mp4,3.3,0.28,0.378,head-on
videos/MQI5ApNNZPI_00.mp4,4.1,0.063,0.178,head-on
videos/9DRFJxKHc6g_2_00.mp4,3.7,0.494,0.237,head-on
videos/kj23OkxXMfU_00.mp4,3.0,0.364,0.629,head-on
videos/K98k1MB8rps_00.mp4,6.7,0.759,0.913,head-on
videos/lXKSWeJ9jEc_00.mp4,1.3,0.509,0.938,head-on
videos/og42C5ewnRY_00.mp4,1.5,0.495,0.932,head-on
videos/mmEiKiU-ZLs_00.mp4,14.9,0.615,0.084,head-on
videos/NcksItQU_i0_00.mp4,4.8,0.19,0.278,head-on
videos/n_U9loEcX54_00.mp4,13.9,0.217,0.442,head-on
videos/jw4_kT_xjsE_00.mp4,6.1,0.233,0.288,head-on
videos/nKC_z-VEBfE_00.mp4,7.1,0.221,0.057,head-on
videos/Mz3oLId8I5Y_00.mp4,6.2,0.414,0.189,head-on
videos/maJGw3hQs_s_00.mp4,9.2,0.181,0.187,head-on
videos/cBZ3KswoFZY_00.mp4,6.9,0.174,0.626,head-on
videos/7FzkwCUqP1Y_00.mp4,27.2,0.959,0.654,head-on
videos/jBUe4pPfIEg_00.mp4,11.0,0.256,0.148,head-on
videos/udobZNZzMZE_00.mp4,14.9,0.169,0.959,head-on
videos/vPWarRX_sVI_00.mp4,11.2,0.2,0.085,head-on
videos/iQbsvy9KGC8_00.mp4,2.0,0.164,0.295,head-on
videos/7Q6tqECKuVw_00.mp4,28.8,0.018,0.372,head-on
videos/mby2Klg_d10_00.mp4,10.9,0.054,0.197,head-on
videos/wHixrZXgXRI_00.mp4,16.2,0.287,0.23,head-on
videos/8UJFstPfuhU_00.mp4,17.4,0.986,0.671,head-on
videos/_hJdTE1wHoI_00.mp4,3.8,0.315,0.603,head-on
videos/JvLt2kMm3Qs_00.mp4,2.5,0.239,0.398,head-on
videos/rTa4OCFz0i8_00.mp4,7.5,0.073,0.563,head-on
videos/YmMM4JeUJJ0_00.mp4,3.8,0.031,0.041,head-on
videos/63jg9PMxHZM_00.mp4,13.5,0.14,0.232,head-on
videos/0lkTO-H5z6I_00.mp4,2.0,0.064,0.226,head-on
videos/rm4qKkLP9-A_00.mp4,5.8,0.335,0.937,head-on
videos/zl0-TZHfZg0_00.mp4,3.0,0.204,0.039,head-on
videos/1TfCsqNoWQw_00.mp4,3.9,0.648,0.409,head-on
videos/pSjvg4Zq3-4_00.mp4,6.4,0.702,0.316,head-on
videos/hzxEJZNwy6s_00.mp4,34.7,0.022,0.029,head-on
videos/FyUKGsHyoxE_00.mp4,10.9,0.116,0.609,head-on
videos/QfxL7R00yJE_00.mp4,7.1,0.631,0.4,head-on
videos/DTPQZJzsoXY_00.mp4,4.2,0.086,0.13,head-on
videos/c3B2ddiaBcQ_00.mp4,14.0,0.018,0.519,head-on
videos/ig4k6LEEMy0_00.mp4,5.7,0.404,0.464,head-on
videos/ALFF5620ljk_5_00.mp4,2.9,0.147,0.047,head-on
videos/EzI5Rn3z4ew_00.mp4,9.2,0.142,0.655,head-on
videos/zaafsIEj5DI_01.mp4,6.6,0.165,0.925,head-on
videos/5ZYWhoVVLGI_00.mp4,9.1,0.325,0.304,head-on
videos/lvIwOAjE7Ts_00.mp4,12.9,0.131,0.21,head-on
videos/bUn3nfDgLEs_00.mp4,14.3,0.235,0.622,head-on
videos/W0qpYlyc-Ws_00.mp4,8.9,0.71,0.915,head-on
videos/D2AHpCitweI_0_00.mp4,3.4,0.624,0.141,head-on
videos/X0xzhXbBngE_00.mp4,7.6,0.162,0.121,head-on
videos/2U2gPpmCg_o_00.mp4,11.7,0.403,0.153,head-on
videos/JGD3vYYu5S4_00.mp4,1.9,0.098,0.82,head-on
videos/QiPUrCmw4xk_00.mp4,16.6,0.121,0.084,head-on
videos/sy3K_DPXi1g_00.mp4,4.8,0.041,0.075,head-on
videos/wScVipt0pWk_7_00.mp4,1.9,0.39,0.346,head-on
videos/OehnhIPFm4Q_00.mp4,2.7,0.932,0.783,head-on
videos/niL3O_tNdFY_00.mp4,9.9,0.24,0.627,head-on
videos/W1YnYuUFxwg_00.mp4,5.7,0.165,0.038,head-on
videos/XbW5qJKc8O8_00.mp4,5.0,0.215,0.624,head-on
videos/gwHMR2FEVKA_00.mp4,27.9,0.301,0.016,head-on
videos/rRqKYOsYITQ_00.mp4,4.8,0.703,0.104,head-on
videos/EWacZjLgE18_00.mp4,13.6,0.286,0.411,head-on
videos/RTPo9EzJ2q4_00.mp4,7.3,0.38,0.466,head-on
videos/91JpOFnaiD4_00.mp4,5.8,0.484,0.228,head-on
videos/gnyMlVu3LzY_00.mp4,9.4,0.134,0.083,head-on
videos/rSQtKYBkOg0_00.mp4,12.2,0.278,0.037,head-on
videos/xNdcRobqvsc_00.mp4,11.4,0.829,0.475,head-on
videos/BwSlVnQTtNo_00.mp4,11.8,0.324,0.175,head-on
videos/NhVQ26Tutwg_00.mp4,7.7,0.525,0.236,head-on
videos/9AnFK85qRjM_00.mp4,4.5,0.196,0.185,head-on
videos/Yllfxm5QxVE_00.mp4,5.8,0.289,0.302,head-on
videos/7QawsvO1F1M_00.mp4,2.9,0.37,0.144,head-on
videos/nGHp5y9P0Ic_00.mp4,9.8,0.441,0.284,head-on
videos/PW_hCnmtgf4_00.mp4,13.7,0.391,0.054,head-on
videos/wSuWfSgwKZU_00.mp4,4.4,0.773,0.912,head-on
videos/J4QZ5vJy-3E_00.mp4,2.8,0.266,0.157,head-on
videos/6yQNWmpmUPk_00.mp4,19.5,0.593,0.395,head-on
videos/1DTzvlqxm5c_00.mp4,1.0,0.376,0.416,head-on
videos/bys_qghQe0w_02.mp4,6.1,0.401,0.184,head-on
videos/pcT3Lr767_M_00.mp4,9.6,0.512,0.606,head-on
videos/JDc09Tn1tR8_00.mp4,9.9,0.031,0.43,head-on
videos/GsL5oknV-w0_00.mp4,6.4,0.196,0.226,head-on
videos/pMA26OVWUOY_00.mp4,4.3,0.301,0.916,head-on
videos/YQG_FvZM9pg_00.mp4,3.9,0.286,0.371,head-on
videos/kDvSnh2NmpM_00.mp4,4.5,0.388,0.299,head-on
videos/TilBcBFe1gc_00.mp4,13.6,0.515,0.481,head-on
videos/QfHs3610Fw4_00.mp4,16.7,0.133,0.291,head-on
videos/nEszisiy2ho_00.mp4,6.6,0.176,0.419,head-on
videos/Mzuyrdg3hxY_00.mp4,23.7,0.511,0.322,head-on
videos/AuQz_-J2kzc_14_00.mp4,13.0,0.207,0.145,head-on
videos/ru5QM17tRfk_00.mp4,5.6,0.163,0.216,head-on
videos/BFN3VYJ9ARs_00.mp4,13.5,0.455,0.213,head-on
videos/N6zJ2inqJn0_3_00.mp4,5.9,0.251,0.297,head-on
videos/m33jiO8xGLk_00.mp4,18.7,0.515,0.658,head-on
videos/l3GUdPH62y8_00.mp4,4.2,0.32,0.625,head-on
videos/SZA0u7rLVL4_00.mp4,14.7,0.815,0.198,head-on
videos/r1fGrsOle9M_00.mp4,9.9,0.279,0.374,head-on
videos/c_u8oPMBGEI_01.mp4,4.4,0.234,0.307,head-on
videos/OjjbNRuOJhc_00.mp4,3.0,0.243,0.608,head-on
videos/9fKAb-gGLRM_1_00.mp4,3.5,0.241,0.559,head-on
videos/L821I_3rs6Y_00.mp4,3.6,0.428,0.924,head-on
videos/yA0g2eWjmNs_00.mp4,8.1,0.051,0.271,head-on
videos/GPMefBsSI44_00.mp4,8.3,0.082,0.039,head-on
videos/7dMxFaTmaBs_00.mp4,6.0,0.179,0.436,head-on
videos/gkyJ3CwetQY_00.mp4,3.9,0.066,0.204,head-on
videos/EdvDlbnKQYI_00.mp4,8.8,0.224,0.282,head-on
videos/E6rFBPMiDy0_00.mp4,13.1,0.885,0.211,head-on
videos/ZQOzzKybkTA_00.mp4,17.7,0.278,0.426,head-on
videos/pA6q7Q2EQrw_32_00.mp4,2.7,0.536,0.457,head-on
videos/O_WaBEjEV2Y_00.mp4,4.2,0.138,0.124,head-on
videos/pS8q0o3ygtI_00.mp4,2.5,0.405,0.215,head-on
videos/LSiLtoXajJE_00.mp4,14.5,0.446,0.532,head-on
videos/aF2Hbp8C23A_00.mp4,4.6,0.592,0.46,head-on
videos/9E91OEkRB-4_00.mp4,9.1,0.064,0.112,head-on
videos/2PtXKoTbv0c_00.mp4,15.7,0.365,0.116,head-on
videos/XAxaY7MPnms_00.mp4,9.2,0.2,0.629,head-on
videos/iYmL1rEyiqE_00.mp4,10.5,0.044,0.107,head-on
videos/FGZ7r8JC1MY_00.mp4,2.4,0.211,0.359,head-on
videos/-dmYsQc-odI_00.mp4,1.4,0.247,0.284,head-on
videos/ltBaGt6A30I_00.mp4,11.1,0.511,0.213,head-on
videos/DZBg6CcIi6Y_00.mp4,28.6,0.349,0.787,head-on
videos/6rvo5STkUPw_00.mp4,17.5,0.035,0.483,head-on
videos/CU0w8gexxew_00.mp4,5.7,0.143,0.271,head-on
videos/1fpsdsKWH_M_00.mp4,12.3,0.421,0.442,head-on
videos/yS19DGEwcO4_00.mp4,10.8,0.173,0.472,head-on
videos/RcjhhMTuVSs_00.mp4,14.3,0.449,0.182,head-on
videos/Sm-U6h1VUYQ_00.mp4,17.3,0.063,0.404,head-on
videos/Xb0mQCFP8_o_00.mp4,8.9,0.515,0.111,head-on
videos/DksclwuFCXI_00.mp4,8.7,0.146,0.294,head-on
videos/seHQ5Y5g5Ns_00.mp4,3.8,0.311,0.328,head-on
videos/OaB8oFL1uKY_00.mp4,1.7,0.169,0.922,head-on
videos/fbkRjY737QE_00.mp4,7.0,0.284,0.219,head-on
videos/YYgdkr0Qiw0_00.mp4,21.6,0.502,0.055,head-on
videos/wJBN4-qBBWI_00.mp4,4.0,0.701,0.279,head-on
videos/mOwuW8t6-GQ_5_00.mp4,5.6,0.247,0.158,head-on
videos/1_F0r7KVJ1k_00.mp4,4.3,0.58,0.065,head-on
videos/YwqAnRgRntg_00.mp4,2.5,0.375,0.611,head-on
videos/hSt-aJwZqsY_2_00.mp4,4.6,0.368,0.633,head-on
videos/LMw1OJe37fM_00.mp4,3.1,0.121,0.272,head-on
videos/SBTD7z4A1y8_00.mp4,12.1,0.344,0.221,head-on
videos/Zt2cNzpQIZc_00.mp4,3.3,0.276,0.789,head-on
videos/E7SZ9wPStb4_00.mp4,10.0,0.186,0.37,head-on
videos/E65lhgBF1rM_00.mp4,8.7,0.083,0.624,head-on
videos/VXFyQ2zekTg_00.mp4,1.9,0.587,0.544,head-on
videos/video136_00.mp4,10.7,0.163,0.22,head-on
videos/1ot_Dyi6XyI_00.mp4,6.3,0.32,0.316,head-on
videos/CyqcCI-woio_00.mp4,12.2,0.853,0.287,head-on
videos/TDlmnB9JOHk_00.mp4,5.6,0.385,0.036,head-on
videos/ZsPhpxb8OTM_00.mp4,18.8,0.303,0.197,head-on
videos/EVNMnYgWIuk_00.mp4,5.7,0.234,0.112,head-on
videos/nwb6yD8CMaM_00.mp4,1.8,0.154,0.21,head-on
videos/5TdEe3ikbEM_01.mp4,3.3,0.605,0.308,normal
videos/GVHE7LumYVo_00.mp4,2.9,0.74,0.546,head-on
videos/meDGeTof2x0_00.mp4,19.2,0.418,0.399,head-on
videos/qx2zGl2mYt0_00.mp4,2.4,0.368,0.337,head-on
videos/njJxs1KozgE_00.mp4,6.3,0.234,0.335,head-on
videos/_5e--tkpUck_00.mp4,14.1,0.296,0.326,head-on
videos/mg6PLF8sHWw_0_00.mp4,9.7,0.268,0.146,head-on
videos/gZdaWZGFUs4_00.mp4,7.4,0.301,0.259,head-on
videos/OrX9GrUmLy0_00.mp4,9.2,0.09,0.607,head-on
videos/pJD9bGTb5Mo_00.mp4,3.7,0.132,0.343,head-on
videos/KwifJ6bebdo_00.mp4,5.6,0.016,0.047,head-on
videos/XOA5P6Ph6kY_00.mp4,6.8,0.484,0.721,head-on
videos/3wK_g1985p4_00.mp4,8.6,0.459,0.334,head-on
videos/luYrUPWqC5w_00.mp4,4.3,0.026,0.634,head-on
videos/5kZFvkKPHsc_00.mp4,6.5,0.035,0.341,head-on
videos/LxNrteV6pVs_00.mp4,2.7,0.334,0.358,head-on
videos/FNS3OiJwL0k_00.mp4,12.6,0.44,0.152,head-on
videos/v0VVrqk4l3o_00.mp4,28.4,0.401,0.342,head-on
videos/NTMLhz_KdXo_00.mp4,3.4,0.513,0.081,head-on
videos/NuLbMFaj3Lk_00.mp4,9.5,0.135,0.425,head-on
videos/zAqi6Odnoiw_00.mp4,4.1,0.135,0.511,head-on
videos/SvX1Ifafid0_00.mp4,5.1,0.189,0.426,head-on
videos/ur7JERJrVQs_00.mp4,11.5,0.255,0.286,head-on
videos/zYp-honyJC0_00.mp4,6.9,0.21,0.355,head-on
videos/2IY6PpDm85k_00.mp4,7.6,0.358,0.128,head-on
videos/mhQIf0yVU3g_1_00.mp4,3.3,0.49,0.186,head-on
videos/oYaZpc8SL9c_00.mp4,8.0,0.132,0.647,head-on
videos/Sq5i3O5yoAY_00.mp4,3.4,0.24,0.299,head-on
videos/CRFFj83OIDU_00.mp4,8.8,0.134,0.271,head-on
videos/zCJ_1fc2nwk_00.mp4,10.5,0.025,0.485,head-on
videos/nbhL6NycXqc_00.mp4,5.3,0.224,0.581,head-on
videos/rk8CtIpbG5w_00.mp4,6.5,0.189,0.257,head-on
videos/oocg-wnFMDE_00.mp4,12.9,0.191,0.191,head-on
videos/9P_vAk9ZExI_00.mp4,10.6,0.437,0.181,head-on
videos/o45cTuevkJ8_00.mp4,5.5,0.368,0.236,head-on
videos/7Nc9tJ7R4KY_00.mp4,4.3,0.574,0.213,head-on
videos/OlkuOuXVfQ8_00.mp4,14.2,0.853,0.216,head-on
videos/cVil8sERLjg_00.mp4,8.2,0.238,0.125,head-on
videos/FR3eYZzgeJY_00.mp4,9.4,0.254,0.3,head-on
videos/ftk_fSc4haM_00.mp4,6.2,0.104,0.295,head-on
videos/Tzh_MXLofUI_00.mp4,13.6,0.402,0.28,head-on
videos/K0YHy4UKGE4_00.mp4,2.3,0.242,0.188,head-on
videos/BEZNd0pYy-4_00.mp4,3.9,0.179,0.246,head-on
videos/OdgIl355A80_00.mp4,2.4,0.068,0.065,head-on
videos/BEBYF3xd0Lk_00.mp4,8.0,0.011,0.362,head-on
videos/CJYMnDmGxio_00.mp4,11.6,0.288,0.415,head-on
videos/russia6_00.mp4,5.2,0.634,0.753,head-on
videos/4RAe_LEFTTU_00.mp4,4.7,0.048,0.027,head-on
videos/rA5O9Okdkss_00.mp4,9.6,0.352,0.082,head-on
videos/Qi7voHChFxk_00.mp4,2.5,0.507,0.385,head-on
videos/JzYHiq1zaZs_00.mp4,9.8,0.479,0.323,head-on
videos/WR1xUm9CjqY_00.mp4,8.6,0.46,0.195,head-on
videos/AdbmoLPWCUo_00.mp4,4.9,0.536,0.628,head-on
videos/FVZu22TdJwc_00.mp4,4.9,0.081,0.506,head-on
videos/aERiIg9Dts4_00.mp4,5.9,0.15,0.575,head-on
videos/-2UPLUV7JLg_00.mp4,9.4,0.329,0.158,head-on
videos/OehnhIPFm4Q_02.mp4,4.0,0.083,0.295,head-on
videos/_FjROQyb1C8_1_00.mp4,4.6,0.162,0.106,head-on
videos/BpMHNEa79lo_4_00.mp4,7.3,0.587,0.126,head-on
videos/z4J6Y7Hgprc_00.mp4,5.7,0.257,0.438,head-on
videos/_gv4lL1EPKU_00.mp4,4.5,0.437,0.131,head-on
videos/YDret7_VHUQ_00.mp4,3.0,0.527,0.302,head-on
videos/NfK10cGdiFw_00.mp4,11.4,0.26,0.022,head-on
videos/YkEtYW_U1IY_00.mp4,14.8,0.361,0.419,head-on
videos/dgWpyczEx7U_00.mp4,12.7,0.041,0.317,head-on
videos/mYTte8BTffA_00.mp4,15.4,0.054,0.443,head-on
videos/aw8RbjIaKKA_00.mp4,18.1,0.104,0.035,head-on
videos/Ns30XeulhHo_03.mp4,3.7,0.576,0.124,head-on
videos/Fk2lELADm8U_00.mp4,10.2,0.303,0.935,head-on
videos/9jbzA3-ub9c_00.mp4,1.6,0.121,0.137,head-on
videos/y396l4X6WOk_00.mp4,9.4,0.89,0.25,head-on
videos/dEINXAEIQjA_00.mp4,5.5,0.245,0.039,head-on
videos/vMzEXTNSTzw_00.mp4,4.0,0.173,0.234,head-on
videos/LLead91Xhho_00.mp4,3.5,0.067,0.03,head-on
videos/lpeKVGzEaUk_00.mp4,11.4,0.182,0.256,head-on
videos/kUsZnGYhevs_00.mp4,2.6,0.381,0.313,head-on
videos/J80rwyEvSlY_00.mp4,3.2,0.238,0.863,head-on
videos/24R72DZBQ5k_00.mp4,20.1,0.43,0.303,head-on
videos/vMqldj7d7e0_00.mp4,22.6,0.06,0.599,head-on
videos/-VM9fVYVI_w_00.mp4,6.2,0.372,0.306,head-on
videos/5caUHPE480M_00.mp4,3.5,0.348,0.038,head-on
videos/EJodW3XFdU4_00.mp4,18.1,0.178,0.166,head-on
videos/GtL1Onu28Iw_00.mp4,6.1,0.476,0.391,head-on
videos/CkI203kbHQ8_12_00.mp4,5.2,0.031,0.008,head-on
videos/sckLwIfeCT4_00.mp4,4.1,0.354,0.459,head-on
videos/e17Wq4Hpqlk_02.mp4,4.9,0.225,0.788,head-on
videos/YaMXFpSYjOk_00.mp4,4.0,0.246,0.241,head-on
videos/5-sIe-O1b8I_00.mp4,2.8,0.943,0.369,head-on
videos/OehnhIPFm4Q_03.mp4,2.3,0.396,0.271,head-on
videos/9eOu-gdsJD4_00.mp4,3.0,0.262,0.027,head-on
videos/Okrusfvcpt8_00.mp4,9.9,0.219,0.253,head-on
videos/1ZQAChv0TEI_00.mp4,5.3,0.514,0.406,head-on
videos/LPQ23LL3dG4_00.mp4,4.4,0.079,0.645,head-on
videos/video52_00.mp4,6.3,0.198,0.29,head-on
videos/Tfc5ixuHl3E_00.mp4,12.8,0.312,0.364,head-on
videos/pK1JUx-kk5U_00.mp4,6.1,0.223,0.181,head-on
videos/jecwwv5-8Q0_00.mp4,12.9,0.025,0.27,head-on
videos/dQ0ao_Yu7II_00.mp4,20.9,0.484,0.689,head-on
videos/GnpwLP2THmM_6_00.mp4,5.4,0.243,0.502,head-on
videos/Kw_Xo2iUEZQ_01.mp4,15.4,0.276,0.363,head-on
videos/1BsCOLh_qEs_00.mp4,2.0,0.331,0.452,head-on
videos/022uvRkRJ8E_00.mp4,18.7,0.135,0.174,head-on
videos/ntjBOrqvD6Q_00.mp4,10.3,0.252,0.165,head-on
videos/69UT4E3LoAc_00.mp4,8.1,0.606,0.347,head-on
videos/swjfOB7CzTM_00.mp4,16.6,0.56,0.749,head-on
videos/g1vKgJ9RN8c_00.mp4,3.0,0.327,0.39,head-on
videos/paIiPXuFj7Q_00.mp4,4.2,0.305,0.215,head-on
videos/3Xd6PxEvbNk_5_00.mp4,6.1,0.071,0.142,head-on
videos/jzIahqK1XpM_00.mp4,10.7,0.167,0.216,head-on
videos/tB1MoGqqKsA_00.mp4,8.0,0.426,0.421,head-on
videos/bDLOyLAi51k_00.mp4,13.2,0.21,0.213,head-on
videos/mh2N02NQ-bQ_00.mp4,6.7,0.063,0.648,head-on
videos/unTKXNwIN1A_00.mp4,22.3,0.082,0.228,head-on
videos/nSK7cehJiCE_8_00.mp4,4.1,0.142,0.494,head-on
videos/MruMFUBosJU_00.mp4,5.5,0.588,0.089,head-on
videos/3dIt2gBnS7o_00.mp4,7.8,0.328,0.369,head-on
videos/h7MY4vNQ2Ak_00.mp4,4.1,0.616,0.486,head-on
videos/0NixrF6Mt00_0_00.mp4,2.1,0.523,0.348,head-on
videos/SpJiUTZO9Qg_00.mp4,4.6,0.38,0.345,head-on
videos/vC6P5GxfX-Q_00.mp4,20.8,0.282,0.3,head-on
videos/4VVOcbvXgdE_00.mp4,1.5,0.266,0.279,head-on
videos/b2FAuGPoivk_00.mp4,12.9,0.089,0.04,head-on
videos/fy1ZkNZQhWA_02.mp4,5.4,0.42,0.619,head-on
videos/ALFF5620ljk_12_00.mp4,5.5,0.11,0.222,head-on
videos/1ww7Jv5v3QA_00.mp4,2.5,0.327,0.337,head-on
videos/a8-i2E4jrpk_01.mp4,3.4,0.088,0.305,head-on
videos/bSZkOI7eF8k_3_00.mp4,11.9,0.385,0.345,head-on
videos/video193_00.mp4,14.2,0.264,0.134,head-on
videos/i62_ZJJeR-Y_00.mp4,19.4,0.486,0.523,head-on
videos/3Xd6PxEvbNk_4_00.mp4,5.7,0.012,0.318,head-on
videos/LAojlJEDJ2w_00.mp4,15.8,0.23,0.067,head-on
videos/YtKuNIcpvlY_0_00.mp4,22.1,0.407,0.283,head-on
videos/TY8UXgpfBzU_00.mp4,6.9,0.367,0.217,head-on
videos/AEzHgZ0xjlk_00.mp4,5.9,0.398,0.247,head-on
videos/G9G97Pf8hMk_00.mp4,9.2,0.282,0.059,head-on
videos/p7GtPUgji9w_00.mp4,5.7,0.418,0.343,head-on
videos/H6A3xLciOZk_00.mp4,7.9,0.541,0.631,head-on
videos/JZcTEwl1Od4_00.mp4,12.4,0.447,0.143,head-on
videos/ExU1_ouZ3bw_00.mp4,5.2,0.316,0.036,head-on
videos/uwi_3_tL3us_00.mp4,2.3,0.597,0.402,head-on
videos/llupGpa4OMQ_00.mp4,15.9,0.319,0.488,head-on
videos/fy1ZkNZQhWA_01.mp4,2.6,0.076,0.188,head-on
videos/70935VkkZSM_00.mp4,1.4,0.149,0.207,head-on
videos/yd7QK62ESfM_00.mp4,17.8,0.467,0.158,head-on
videos/olrS9Xl-I70_00.mp4,4.5,0.591,0.265,head-on
videos/2wWw4MidlLY_00.mp4,9.6,0.147,0.519,head-on
videos/Nlb0EeukIEQ_00.mp4,4.0,0.17,0.397,head-on
videos/VSNqivMhWnM_00.mp4,7.1,0.114,0.019,head-on
videos/_SK-OKBNWj0_00.mp4,5.5,0.366,0.568,head-on
videos/V0iWmOFca7w_4_00.mp4,3.5,0.358,0.124,head-on
videos/wScVipt0pWk_17_00.mp4,3.1,0.409,0.181,head-on
videos/ebiX-_CCMSA_00.mp4,4.8,0.238,0.197,head-on
videos/Q90j5Irrj9g_00.mp4,27.5,0.486,0.418,head-on
videos/34Q7DXby2s4_00.mp4,7.6,0.168,0.16,head-on
videos/video57_00.mp4,5.3,0.953,0.501,head-on
videos/4tOmPxnuANw_00.mp4,5.1,0.73,0.3,head-on
videos/4gFiGGeTp5w_2_00.mp4,5.5,0.158,0.182,head-on
videos/qRIoLYMJVcs_00.mp4,11.8,0.342,0.62,head-on
videos/gcbYjCgvbFc_00.mp4,12.5,0.235,0.157,head-on
videos/QwFFfl2CNUY_00.mp4,2.4,0.113,0.475,head-on
videos/BV2QGa5Dgaw_00.mp4,8.2,0.618,0.326,head-on
videos/pwc7SEk8BA4_00.mp4,1.0,0.362,0.404,head-on
videos/6EW9PrDqKA8_00.mp4,17.2,0.203,0.489,head-on
videos/HSDqCUHuz8Q_5_00.mp4,4.2,0.156,0.14,head-on
videos/HSDqCUHuz8Q_0_00.mp4,3.8,0.484,0.137,head-on
videos/9z7lG2OdBoM_00.mp4,7.7,0.639,0.543,head-on
videos/7YEUfIVVk9Y_6_00.mp4,3.4,0.318,0.337,head-on
videos/IjrWDrC23GY_00.mp4,7.1,0.597,0.331,head-on
videos/dW7rp-cXNMY_00.mp4,17.2,0.333,0.21,head-on
videos/7YEUfIVVk9Y_4_00.mp4,3.3,0.36,0.368,head-on
videos/ZQU-7hSIJ-s_00.mp4,6.9,0.336,0.206,head-on
videos/swb5GdD__W0_00.mp4,5.9,0.329,0.536,head-on
videos/XqNrTjSsGrg_00.mp4,6.5,0.107,0.27,head-on
videos/K0RZlWi2qhA_00.mp4,11.9,0.467,0.326,head-on
videos/0eoMti_njew_00.mp4,3.9,0.221,0.357,head-on
videos/mJArIYTPLbE_00.mp4,1.1,0.489,0.48,head-on
videos/-RrDtLjWsT4_00.mp4,20.3,0.444,0.314,head-on
videos/YsyVUKTZgpo_00.mp4,6.9,0.297,0.923,head-on
videos/6oymx7wBmjw_01.mp4,1.7,0.459,0.148,head-on
videos/9_rjoTFi3Ek_00.mp4,10.7,0.113,0.01,head-on
videos/Vh13EbZJAiA_00.mp4,23.6,0.756,0.912,head-on
videos/LZY4HepPGu0_00.mp4,6.0,0.346,0.279,head-on
videos/pA6q7Q2EQrw_25_00.mp4,1.7,0.059,0.383,head-on
videos/klHFoVQo--8_00.mp4,1.9,0.579,0.035,head-on
videos/DNXPVeHVfik_00.mp4,5.6,0.225,0.921,head-on
videos/e17Wq4Hpqlk_00.mp4,3.9,0.167,0.167,head-on
videos/pUUmNU7jrXI_00.mp4,5.0,0.148,0.238,head-on
videos/russia21_00.mp4,5.9,0.14,0.255,head-on
videos/yxdh-n8LgyY_00.mp4,7.8,0.407,0.246,head-on
videos/WA6hL9bRnNs_00.mp4,1.4,0.306,0.391,head-on
videos/6mVcTFd5TzI_0_00.mp4,2.8,0.062,0.104,head-on
videos/6mVcTFd5TzI_12_00.mp4,2.2,0.027,0.191,head-on
videos/7O6n0GkXt_g_00.mp4,9.4,0.316,0.133,head-on
videos/x25XtFGKc-E_00.mp4,7.2,0.488,0.307,head-on
videos/xQCJTgk1AxQ_00.mp4,11.1,0.103,0.265,head-on
videos/oc1DL7vLskc_00.mp4,14.5,0.409,0.04,head-on
videos/h9aw9Upkwx4_00.mp4,2.0,0.335,0.19,head-on
videos/0PrAtifCwjg_00.mp4,10.4,0.07,0.624,head-on
videos/sRM9RLRUYjI_00.mp4,5.4,0.484,0.867,head-on
videos/YlhV3d6sFhY_00.mp4,26.1,0.481,0.23,head-on
videos/LP_C34tyPl4_00.mp4,10.7,0.54,0.287,head-on
videos/XBOz63PuSvE_00.mp4,6.1,0.344,0.225,head-on
videos/xKT7khciy-c_22_00.mp4,3.7,0.142,0.119,head-on
videos/tnXaQLZivt0_00.mp4,19.5,0.178,0.283,head-on
videos/Rph4qz-nnAY_00.mp4,12.3,0.494,0.293,head-on
videos/russia8_00.mp4,7.2,0.261,0.19,head-on
videos/3yNBYymxHys_00.mp4,16.0,0.438,0.152,head-on
videos/At-4-Y2g7Y8_00.mp4,13.8,0.127,0.056,head-on
videos/iKor62WhYgc_00.mp4,6.8,0.349,0.102,head-on
videos/-T_E4YhtjyE_00.mp4,12.1,0.506,0.609,head-on
videos/bn7c9LxpeuA_00.mp4,8.6,0.177,0.497,head-on
videos/Img4DcUjRmo_00.mp4,14.9,0.306,0.254,head-on
videos/GSvQCAPnFGo_00.mp4,8.8,0.638,0.25,head-on
videos/zOgTWOFJpKg_00.mp4,5.6,0.018,0.059,head-on
videos/ALFF5620ljk_2_00.mp4,2.3,0.119,0.299,head-on
videos/KJdY94Xu5x0_00.mp4,15.3,0.66,0.667,head-on
videos/6Oro7le8ZLQ_00.mp4,10.4,0.793,0.898,head-on
videos/5bxGXH9wjOs_00.mp4,3.8,0.111,0.315,head-on
videos/uGvzo8mRSSo_00.mp4,12.5,0.195,0.512,head-on
videos/mDHuTgnSxMs_00.mp4,2.4,0.593,0.253,head-on
videos/pA_dEaPv-yk_00.mp4,5.5,0.532,0.323,head-on
videos/UCNyjybsbiU_00.mp4,11.9,0.914,0.155,head-on
videos/65p17BwHTaw_01.mp4,2.4,0.528,0.061,head-on
videos/yTkouPWrmpU_00.mp4,12.6,0.726,0.303,head-on
videos/c-nmxpXGBaA_00.mp4,3.9,0.237,0.047,head-on
videos/pWUkfZdWn7M_00.mp4,10.4,0.547,0.295,head-on
videos/bsvWhFHgta8_00.mp4,2.6,0.127,0.174,head-on
videos/91DHD6SEyVU_00.mp4,6.5,0.334,0.629,head-on
videos/fy1ZkNZQhWA_03.mp4,2.1,0.083,0.19,head-on
videos/nKi8Onx1jI4_00.mp4,23.4,0.379,0.084,head-on
videos/FJcKTvBI75U_00.mp4,23.2,0.547,0.151,head-on
videos/sxonKsim9qE_00.mp4,13.6,0.204,0.047,head-on
videos/taahlmWl1Pc_00.mp4,20.6,0.225,0.028,head-on
videos/O8x8fTbKfQo_00.mp4,5.7,0.136,0.497,head-on
videos/dmwcqNAuZcM_1_00.mp4,13.0,0.524,0.141,head-on
videos/pPBBcgLkgfE_00.mp4,5.3,0.385,0.533,head-on
videos/ao3VuM_p4_8_00.mp4,12.2,0.473,0.548,head-on
videos/Xu1KsH1j2iQ_1_00.mp4,7.4,0.207,0.131,head-on
videos/-yuVlpyayOI_00.mp4,12.7,0.143,0.146,head-on
videos/PF5pVn8N9wA_11_00.mp4,4.1,0.61,0.435,head-on
videos/Xu1KsH1j2iQ_11_00.mp4,3.1,0.144,0.487,head-on
videos/xlwF4_7_JIs_00.mp4,11.9,0.305,0.261,head-on
videos/RpeH9OruLwI_00.mp4,4.6,0.077,0.28,head-on
videos/aPavFeAFhnk_00.mp4,13.0,0.377,0.145,head-on
videos/twdqtlixsj0_00.mp4,14.2,0.964,0.965,head-on
videos/4C5ZiBP7R04_00.mp4,2.1,0.367,0.478,head-on
videos/9AO9fQexSIo_00.mp4,3.7,0.426,0.241,head-on
videos/GDadq8Vznvc_00.mp4,11.6,0.279,0.031,head-on
videos/VpSREWsYWgY_00.mp4,6.2,0.33,0.411,head-on
videos/J489DF-y2B8_00.mp4,10.6,0.274,0.341,head-on
videos/kABWTDKgc9U_00.mp4,14.4,0.385,0.214,head-on
videos/JEv4-TJDQlQ_00.mp4,8.5,1.415,1.296,head-on
videos/W5YikE19nkc_00.mp4,11.2,0.675,0.252,head-on
videos/zs895pofwv4_00.mp4,2.9,0.175,0.351,head-on
videos/6rWXOsN-MDM_00.mp4,10.3,0.766,0.376,head-on
videos/ZsVOhyuD0sQ_00.mp4,10.0,0.504,0.851,head-on
videos/5uh8-3q51uI_00.mp4,14.3,0.02,0.443,head-on
videos/vqIPnFuQ22c_00.mp4,9.0,0.193,0.39,head-on
videos/qWlYogH_23M_00.mp4,9.1,0.028,0.624,head-on
videos/kkwEN_zBCx8_01.mp4,4.5,0.712,0.12,head-on
videos/tmv5qTrk8H4_00.mp4,3.1,0.432,0.34,head-on
videos/cSCM3PYMKRo_00.mp4,3.4,0.618,0.161,head-on
videos/V9uox3MIVrA_00.mp4,12.8,0.165,0.131,head-on
videos/3p_-1RjvCmw_1_00.mp4,2.1,0.631,0.634,head-on
videos/xDbMZ8L-1OY_00.mp4,20.0,0.53,0.134,head-on
videos/3rBm5RyfhOw_00.mp4,5.7,0.071,0.398,head-on
videos/w0jywVfX7LY_00.mp4,4.6,0.03,0.361,head-on
videos/JGeH83hHjpE_00.mp4,9.4,0.462,0.75,head-on
videos/0GPuugnrf3Y_00.mp4,7.4,0.462,0.11,head-on
videos/9j0swlmm6eg_00.mp4,7.2,0.603,0.037,head-on
videos/bXaAw1730zE_0_00.mp4,3.0,0.259,0.192,head-on
videos/-zhGaEV8w0o_00.mp4,23.2,0.301,0.031,head-on
videos/4GW-rpR12Rs_00.mp4,3.4,0.387,0.157,head-on
videos/GnpwLP2THmM_2_00.mp4,4.9,0.444,0.591,head-on
videos/KZq065NiqZM_00.mp4,9.3,0.337,0.277,head-on
videos/mhLc2Vl1ekk_00.mp4,2.6,0.389,0.654,head-on
videos/eQvvIoDMXzY_01.mp4,2.7,0.153,0.439,head-on
videos/WYG0XT9hzQA_00.mp4,8.2,0.358,0.445,head-on
videos/IAhGJNVqs1M_9_00.mp4,12.9,0.091,0.135,head-on
videos/THjJUsS8MXk_00.mp4,13.5,0.677,0.671,head-on
videos/6mVcTFd5TzI_23_00.mp4,2.3,0.027,0.192,head-on
videos/r_Ca7EkJDdg_00.mp4,1.7,0.136,0.088,head-on
videos/XaN99SF-mAo_00.mp4,4.3,0.383,0.62,head-on
videos/987C4_UdnJE_01.mp4,3.2,0.411,0.02,head-on
videos/J22LBVPh5kk_00.mp4,2.9,0.282,0.224,head-on
videos/L334aqEJxys_1_00.mp4,6.5,0.213,0.312,head-on
videos/BLq2n48HYZc_01.mp4,4.3,0.312,0.406,head-on
videos/82garGyvexA_00.mp4,2.2,0.425,0.172,head-on
videos/vfx-a0mKrFo_00.mp4,6.8,0.048,0.629,head-on
videos/H7tS58aI1rM_00.mp4,6.6,0.034,0.292,head-on
videos/fZfs2l5bv2Q_00.mp4,7.7,0.46,0.216,head-on
videos/bSZkOI7eF8k_4_00.mp4,11.4,0.468,0.26,head-on
videos/cYmWOy46zF8_00.mp4,11.6,0.336,0.14,head-on
videos/Jr-RXkEv6Ds_00.mp4,12.7,0.164,0.146,head-on
videos/XPErIB4xgYg_00.mp4,4.9,0.474,0.227,head-on
videos/jopSKVpAIos_00.mp4,7.7,0.483,0.07,head-on
videos/coukijt9MpI_00.mp4,19.2,0.03,0.611,head-on
videos/aMOOElIYyiU_00.mp4,13.4,0.424,0.43,head-on
videos/rivjQ5XnuIg_00.mp4,1.6,0.137,0.414,head-on
videos/fJxVsTAIK5Y_00.mp4,2.1,0.576,0.643,head-on
videos/jNzHFeCP2DU_00.mp4,5.5,0.079,0.642,head-on
videos/3UBcAuDgcOg_00.mp4,8.5,0.244,0.462,head-on
videos/WvBtraA2jsA_00.mp4,7.7,0.711,0.353,head-on
videos/acmBtouCwIU_00.mp4,3.7,0.275,0.359,head-on
videos/XtJodwSF_lQ_00.mp4,5.9,0.998,0.236,head-on
videos/vUnflRkNPsI_00.mp4,2.2,0.202,0.355,head-on
videos/soihnyrvZms_00.mp4,15.1,0.516,0.609,head-on
videos/I2syQkUAm0g_00.mp4,6.4,0.078,0.285,head-on
videos/m2uBNOFIvKk_00.mp4,5.1,0.489,0.314,head-on
videos/mTYWjKznhOY_00.mp4,6.2,0.335,0.173,head-on
videos/LCkt9L0JnXU_00.mp4,8.4,0.385,0.275,head-on
videos/SH93O7eHV08_00.mp4,6.9,0.147,0.016,head-on
videos/xApGBKUGoR4_00.mp4,13.2,0.197,0.17,head-on
videos/R9u_i3M7YYA_00.mp4,3.9,0.6,0.339,head-on
videos/OY5bWBGoSwc_00.mp4,2.5,0.204,0.072,head-on
videos/SUK79gpopL0_00.mp4,7.3,0.357,0.426,head-on
videos/IlublX9hlVc_00.mp4,11.3,0.356,0.138,head-on
videos/d0uvO8FDM6U_00.mp4,2.1,0.31,0.351,head-on
videos/HYr1QeHHFkI_00.mp4,12.6,0.047,0.646,head-on
videos/uJR-x2ahMjo_00.mp4,8.4,0.697,0.198,head-on
videos/_j_q79xO2ug_00.mp4,2.6,0.653,0.221,head-on
videos/a5AAO2Kcnhg_00.mp4,1.4,0.635,0.084,head-on
videos/rNLWvxHU5E4_00.mp4,8.2,0.302,0.04,head-on
videos/OMjHjaMBzus_00.mp4,3.5,0.118,0.229,head-on
videos/UY6g1DtnlGE_00.mp4,1.6,0.415,0.052,head-on
videos/oRG1-9tRk5w_00.mp4,8.4,0.27,0.534,head-on
videos/oXMCX36zERc_00.mp4,3.0,0.348,0.478,head-on
videos/W6JG5xVIEHs_00.mp4,4.4,0.037,0.113,head-on
videos/exMp0HFGLFY_00.mp4,11.7,0.195,0.542,head-on
videos/oWLWFTK4QdU_02.mp4,5.5,0.931,0.214,head-on
videos/ODXaUnji7LI_00.mp4,2.7,0.434,0.616,normal
videos/cHJRsctghpY_00.mp4,12.8,0.759,0.912,head-on
videos/pyL525xZdfw_00.mp4,2.9,0.2,0.041,head-on
videos/Bv1O4yUKzEo_00.mp4,10.9,0.239,0.162,head-on
videos/Aq_-v8khHjQ_00.mp4,4.7,0.471,0.218,head-on
videos/FD2WTKo0V94_00.mp4,5.6,0.234,0.346,head-on
videos/CtYbOZdwGkY_00.mp4,14.2,0.267,0.322,head-on
videos/2BBwMYE-FC4_00.mp4,12.2,0.019,0.149,head-on
videos/rsB7TD2zW4A_00.mp4,6.9,0.283,0.366,head-on
videos/iXbPXFRanm4_00.mp4,3.6,0.407,0.27,head-on
videos/Z52L6jGdSkY_15_00.mp4,4.8,0.451,0.346,head-on
videos/joRCqlk5sSA_00.mp4,5.4,0.302,0.025,head-on
videos/MAlk_czfNIs_00.mp4,13.2,0.056,0.736,head-on
videos/yfkkIC-AN68_00.mp4,3.8,0.166,0.545,head-on
videos/rQy2l6gxB8c_0_00.mp4,3.5,0.32,0.237,head-on
videos/BR4WAtlyQEQ_00.mp4,9.2,0.241,0.125,head-on
videos/F40LX7-M7xc_00.mp4,6.3,0.024,0.464,head-on
videos/6s2KTCCo1Hw_00.mp4,14.4,0.289,0.575,head-on
videos/zz0qZ-sSCbY_00.mp4,5.3,0.516,0.397,head-on
videos/9PpJJxn6DmA_00.mp4,2.4,0.923,0.043,head-on
videos/xKT7khciy-c_20_00.mp4,2.4,0.13,0.178,head-on
videos/vxZ47DoPNY8_00.mp4,3.1,0.167,0.106,head-on
videos/6EqMA8no42o_00.mp4,10.8,0.515,0.316,head-on
videos/video26_00.mp4,16.8,0.495,0.49,head-on
videos/6CW7HogT0ZA_00.mp4,11.7,0.503,0.609,head-on
videos/6Wt8Y2Z1dkc_00.mp4,14.6,0.2,0.121,head-on
videos/7YEUfIVVk9Y_7_00.mp4,5.9,0.535,0.477,head-on
videos/BY9XdpYwLto_00.mp4,8.6,0.299,0.681,head-on
videos/r_hzgvP7sJg_00.mp4,4.1,0.608,0.626,head-on
videos/47M8fAuFNOs_00.mp4,8.1,1.053,0.317,head-on
videos/ufUZKmdTyaM_00.mp4,14.2,0.278,0.193,head-on
videos/fEprGEfHTZE_00.mp4,13.9,0.401,0.203,head-on
videos/TthKPyywzu8_00.mp4,9.7,0.575,0.289,head-on
videos/jD8ybdMZOU8_00.mp4,14.7,0.412,0.231,head-on
videos/oWLWFTK4QdU_01.mp4,5.4,0.938,0.156,head-on
videos/WbLH4FMzHeo_00.mp4,6.2,0.304,0.53,head-on
videos/9DRFJxKHc6g_5_00.mp4,12.6,0.518,0.156,head-on
videos/russia4_00.mp4,11.5,0.515,0.322,head-on
videos/2CilSgyYnK0_00.mp4,11.4,0.286,0.779,head-on
videos/v45DbbZotgI_00.mp4,22.1,0.439,0.268,head-on
videos/KQ1M-32l-E0_00.mp4,1.1,0.434,0.138,head-on
videos/s5rpnFmqofQ_00.mp4,10.3,0.508,0.308,head-on
videos/video60_00.mp4,8.8,0.385,0.479,head-on
videos/-NgnSm_oEB4_00.mp4,11.5,0.262,0.337,head-on
videos/TSHPa6dU_yo_00.mp4,10.4,0.311,0.304,head-on
videos/lpJL9-mBNmk_00.mp4,1.9,0.189,0.62,head-on
videos/YQxqeP2Q_-M_00.mp4,1.9,0.487,0.074,head-on
videos/JTIfOGQql0A_00.mp4,11.7,0.091,0.239,head-on
videos/eQ8yX8V88l8_00.mp4,14.8,0.591,0.233,head-on
videos/zYgBOSbkY3A_01.mp4,5.5,0.061,0.206,head-on
videos/CnsDyfXdf8s_1_00.mp4,7.5,0.473,0.314,head-on
videos/NdXcu0X1nH8_00.mp4,3.1,0.232,0.228,head-on
videos/nsHYg3ENgk4_2_00.mp4,3.6,0.254,0.403,head-on
videos/hT1Hz_gFnBs_00.mp4,13.9,0.51,0.458,head-on
videos/x9KDw9QoeKs_00.mp4,2.3,0.388,0.611,head-on
videos/r30SzXochSk_00.mp4,3.9,0.552,0.056,head-on
videos/ulSxHhFWUhM_00.mp4,13.2,0.497,0.301,head-on
videos/5UK0XveIgBA_00.mp4,14.2,0.649,0.385,head-on
videos/FjYZw1xUvqg_00.mp4,3.8,0.489,0.181,head-on
videos/1_FuS-_ctGY_00.mp4,8.4,0.33,0.446,head-on
videos/bys_qghQe0w_03.mp4,6.9,0.221,0.352,head-on
videos/2W7S_-7F6S8_00.mp4,11.1,0.203,0.17,head-on
videos/H6FXwjTkWYI_00.mp4,5.4,0.411,0.259,head-on
videos/fNoqwaXAqeA_00.mp4,4.3,0.069,0.324,head-on
videos/UWgxylOwa5M_00.mp4,13.1,0.33,0.635,head-on
videos/yQyB-0PLYAU_00.mp4,24.3,0.52,0.705,head-on
videos/BlqSYfAQSEA_00.mp4,5.9,0.071,0.584,head-on
videos/vii3d_HkqvY_00.mp4,7.1,0.438,0.075,head-on
videos/Sv7nUzdTUDo_00.mp4,3.1,0.385,0.634,head-on
videos/vR3sZ1IxPAo_00.mp4,15.2,0.523,0.981,head-on
videos/OPrn1pj3g5M_00.mp4,27.6,0.14,0.494,head-on
videos/p3XgqO9PzH4_00.mp4,9.7,0.368,0.637,head-on
videos/ZFYfE3_Nz5o_00.mp4,14.2,0.265,0.136,head-on
videos/zISHd2Jt7Qs_00.mp4,10.5,0.505,0.227,head-on
videos/B6eG9Bvwj8o_00.mp4,10.6,0.293,0.168,head-on
videos/1_iNUkyy46E_00.mp4,18.8,0.517,0.627,head-on
videos/yab6XEomWGM_00.mp4,6.1,0.265,0.207,head-on
videos/bys_qghQe0w_00.mp4,6.1,0.641,0.103,head-on
videos/A8KM8YuiYIw_00.mp4,10.3,0.035,0.337,head-on
videos/7ufiKhY4D_Y_00.mp4,29.6,0.017,0.436,head-on
videos/6oymx7wBmjw_04.mp4,8.7,0.293,0.153,head-on
videos/unS0-TLF1ao_00.mp4,2.6,0.273,0.926,head-on
videos/ygTLvXB2H_o_01.mp4,1.9,0.44,0.012,head-on
videos/Sp7P1vH_ThU_00.mp4,6.5,0.262,0.117,head-on
videos/Ns30XeulhHo_00.mp4,3.5,0.661,0.508,head-on
videos/pB-O0UY9gM8_00.mp4,2.0,0.5,0.886,head-on
videos/6mVcTFd5TzI_22_00.mp4,5.9,0.028,0.196,head-on
videos/pnV5RLCskPI_00.mp4,14.0,0.171,0.03,head-on
videos/iOQcKQHd1og_00.mp4,3.7,0.408,0.217,head-on
videos/jc-fa_AjIXw_00.mp4,27.8,0.251,0.114,head-on
videos/JNsoId5gPK8_00.mp4,10.5,0.364,0.188,head-on
videos/inJcKZ42Ovc_00.mp4,12.6,0.372,0.056,head-on
videos/HjA3G2yYrNg_00.mp4,3.7,0.677,0.484,head-on
videos/A6Ut8jw-oLs_00.mp4,1.9,0.396,0.22,head-on
videos/jvM9Js5f9dI_00.mp4,9.9,0.391,0.371,head-on
videos/tAGibqigAx0_00.mp4,18.2,0.471,0.053,head-on
videos/UcJKeuDYOzc_12_00.mp4,2.6,0.196,0.273,head-on
videos/ALFF5620ljk_9_00.mp4,4.4,0.135,0.297,head-on
videos/bI_W3ZOeuUM_00.mp4,9.8,0.719,0.47,head-on
videos/HC89136mZXs_00.mp4,1.6,0.207,0.43,head-on
videos/yD3Q70U-bD4_00.mp4,29.6,0.024,0.461,head-on
videos/yGYOGSKjE3o_00.mp4,5.0,0.221,0.582,head-on
videos/hQJqYD_MpRw_00.mp4,8.1,0.478,0.228,head-on
videos/dIbxWir400s_00.mp4,3.4,0.689,0.124,head-on
videos/Pjuu3TEEonY_00.mp4,7.6,0.511,0.542,head-on
videos/zXKdiWjxhd8_00.mp4,2.5,0.218,0.619,head-on
videos/gpRtEfxMkYc_00.mp4,3.4,0.141,0.268,head-on
videos/tJlFR_bbD6s_00.mp4,4.5,0.323,0.253,head-on
videos/VMOqX7S4IVU_00.mp4,10.4,0.353,0.572,head-on
videos/vWus0so2b0w_00.mp4,15.9,0.261,0.263,head-on
videos/Cfot7TRlxAQ_00.mp4,5.1,0.552,0.081,head-on
videos/SBIUNqe_XTk_00.mp4,2.9,0.018,0.174,head-on
videos/tnO5_kjf1II_00.mp4,1.6,0.078,0.166,head-on
videos/ZyHloKpLTDs_00.mp4,28.8,0.742,0.478,head-on
videos/SFQKAmwf-3g_00.mp4,3.1,0.35,0.38,head-on
videos/NF5q7ye97l0_00.mp4,3.9,0.353,0.182,head-on
videos/G84adP8TOLw_00.mp4,1.8,0.366,0.495,normal
videos/EAXHuVGCmSA_00.mp4,9.9,0.286,0.249,head-on
videos/gDCiYQjLeEE_00.mp4,10.0,0.355,0.245,head-on
videos/EXaPMbnM4Vs_00.mp4,6.2,0.313,0.733,head-on
videos/sja7nF8p6tw_00.mp4,3.5,0.145,0.374,head-on
videos/z6AXuWSU63M_00.mp4,5.6,0.056,0.324,head-on
videos/917eW1YYvc4_00.mp4,1.3,0.297,0.199,head-on
videos/3taDrOi_n0E_00.mp4,3.9,0.152,0.22,head-on
videos/YhXaFioaBfI_00.mp4,3.7,0.124,0.203,head-on
videos/tmZqFNBoF-E_00.mp4,6.9,0.796,0.021,head-on
videos/EVZe1VSzboY_00.mp4,12.1,0.357,0.228,head-on
videos/xrQ3mx08clM_00.mp4,13.8,0.327,0.612,head-on
videos/zMya6lxe5s8_00.mp4,2.5,0.201,0.487,head-on
videos/emZJVcNK-q4_00.mp4,6.4,0.472,0.387,head-on
videos/1koo-2ZTC9U_00.mp4,3.4,0.317,0.186,head-on
videos/BdL1TIuXeuY_00.mp4,3.0,0.457,0.293,head-on
videos/VsJNApu-LP4_00.mp4,11.8,0.566,0.184,head-on
videos/67eBRe-YfEE_2_00.mp4,5.3,0.552,0.187,head-on
videos/russia22_00.mp4,2.0,0.237,0.392,head-on
videos/c2lwfGKeaQU_00.mp4,3.0,0.269,0.943,head-on
videos/HGediRhCK14_00.mp4,13.1,0.515,0.569,head-on
videos/OjjbNRuOJhc_01.mp4,3.0,0.363,0.143,head-on
videos/gXDhzlVtCXI_00.mp4,11.5,0.179,0.414,head-on
videos/42g5gRbzYhY_01.mp4,8.7,0.105,0.461,head-on
videos/IrzdCEl72lc_00.mp4,3.4,0.299,0.118,head-on
videos/64ZEWTQY7SY_00.mp4,18.5,0.506,0.609,head-on
videos/v9jwlgooOmE_00.mp4,2.0,0.05,0.07,head-on
videos/NpV7pI8k-SQ_00.mp4,7.8,0.542,0.391,head-on
videos/EV73dR7U00I_00.mp4,6.5,0.194,0.178,head-on
videos/0a405keDKpc_00.mp4,16.8,0.759,0.912,head-on
videos/yqaUDA6i5GY_00.mp4,9.4,0.421,0.445,head-on
videos/-FQxK6HdxNU_00.mp4,1.8,0.503,0.511,head-on
videos/VozrseCzhQc_00.mp4,3.3,0.006,0.632,head-on
videos/FJcKTvBI75U_02.mp4,13.3,0.191,0.34,head-on
videos/6oAeUvxmeME_00.mp4,2.0,0.334,0.123,head-on
videos/tDN-mwNSJc8_9_00.mp4,3.6,0.576,0.397,head-on
videos/GnpwLP2THmM_4_00.mp4,5.7,0.087,0.553,head-on
videos/PyYCjM8tvSY_00.mp4,3.6,0.318,0.35,head-on
videos/u3KPKXc9A1c_00.mp4,3.9,0.599,0.162,head-on
videos/HQSjoUe8M8U_00.mp4,13.3,0.056,0.022,head-on
videos/qOTEPSVfGSI_00.mp4,28.4,0.904,0.525,head-on
videos/oWLWFTK4QdU_00.mp4,7.8,0.759,0.218,head-on
videos/LosVYAhNYlY_00.mp4,3.9,0.066,0.041,head-on
videos/bKrsJSxuQZg_00.mp4,7.4,0.429,0.255,head-on
videos/xoq6jahieRg_00.mp4,6.2,0.313,0.486,head-on
videos/russia7_00.mp4,9.1,0.74,0.416,head-on
videos/YGBuLu9t4Ts_00.mp4,4.1,0.358,0.956,head-on
videos/3N9sKQIYMy4_00.mp4,3.0,0.396,0.274,head-on
videos/Zp5xCOo7DSE_00.mp4,10.7,0.57,0.449,head-on
videos/Ga3FbFSHZdA_00.mp4,4.1,0.288,0.328,head-on
videos/3Jiii8dJ4UY_00.mp4,7.8,0.106,0.254,head-on
videos/Mujpcz6MX4g_00.mp4,8.4,0.173,0.643,head-on
videos/LrMyR9M_g3I_00.mp4,10.3,0.18,0.203,head-on
videos/UH2j4IrB2Sg_00.mp4,3.3,0.344,0.616,head-on
videos/ApyekBAgfg8_00.mp4,14.9,0.095,0.368,head-on
videos/ZAVsunMOapQ_00.mp4,1.2,0.459,0.496,head-on
videos/tK1wd_HCYNo_00.mp4,10.0,0.485,0.594,head-on
videos/n-aa3NIlRMo_00.mp4,5.0,0.315,0.434,head-on
videos/YueG1zLkV8o_00.mp4,2.0,0.099,0.857,head-on
videos/2xFyklpa54I_00.mp4,6.8,0.599,0.693,head-on
videos/F0NHENn-HS4_00.mp4,3.0,0.408,0.72,head-on
videos/mjKiqWEZoAM_00.mp4,2.0,0.656,0.563,head-on
videos/video130_00.mp4,4.5,0.413,0.156,head-on
videos/_Etcfb7cUH8_00.mp4,7.2,0.435,0.249,head-on
videos/KQETX3JfWlE_00.mp4,4.2,0.436,0.615,head-on
videos/XI9xhHUOo5o_00.mp4,7.8,0.501,0.303,head-on
videos/FImmtvW8KUI_00.mp4,5.3,0.311,0.163,head-on
videos/Cu647jk6n_s_00.mp4,4.1,0.487,0.041,head-on
videos/zxu3S-7VZUA_00.mp4,6.3,0.227,0.643,head-on
videos/HFgLNfSjd6g_00.mp4,2.6,0.388,0.305,head-on
videos/FIBPRI-_xPo_00.mp4,7.8,0.058,0.518,head-on
videos/zBa7uxOYBd0_00.mp4,1.9,0.406,0.411,head-on
videos/Gg9E2AQBMpM_00.mp4,13.2,0.301,0.516,head-on
videos/TXZfPbiopOE_00.mp4,2.9,0.645,0.103,head-on
videos/6nM9m2VkeYk_00.mp4,1.7,0.2,0.177,head-on
videos/MA3KBCQu9eY_00.mp4,6.3,0.434,0.543,head-on
videos/fK5Y7gMh21c_00.mp4,2.5,0.128,0.215,head-on
videos/KfSjYfTH-H4_00.mp4,3.3,0.086,0.606,head-on
videos/TWCg8QXjraw_00.mp4,5.4,0.263,0.298,head-on
videos/qZlVsk7-fsk_00.mp4,14.7,0.521,0.508,head-on
videos/LtBosyZywWw_00.mp4,4.2,0.487,0.285,head-on
videos/-i9bRJWMtTo_00.mp4,2.5,0.533,0.218,head-on
videos/PYeSHbpGyn4_00.mp4,4.0,0.238,0.627,head-on
videos/RJWAkvcho-k_00.mp4,22.7,0.418,0.227,head-on
videos/CkI203kbHQ8_29_00.mp4,3.2,0.103,0.152,head-on
videos/9w-8u8wKF5k_00.mp4,1.1,0.455,0.177,head-on
videos/russia23_00.mp4,4.4,0.318,0.401,head-on
videos/TPVutn4rHsU_00.mp4,11.6,0.302,0.477,head-on
videos/cTv27dfHJKM_00.mp4,5.5,0.204,0.4,head-on
videos/4geYk_miUzo_00.mp4,26.1,0.257,0.1,head-on
videos/6MBstMRZV9g_00.mp4,5.8,0.32,0.169,head-on
videos/6mVcTFd5TzI_16_00.mp4,7.5,0.027,0.191,head-on
videos/_GY8RpsMk9o_00.mp4,5.4,0.166,0.427,head-on
videos/NHOOHKL_z8s_00.mp4,12.4,0.595,0.195,head-on
videos/9K5XWxsJleU_00.mp4,3.9,0.209,0.212,head-on
videos/QrKQoabj12w_00.mp4,12.4,0.481,0.332,head-on
videos/YBr96os6PvE_00.mp4,11.3,0.145,0.085,head-on
videos/eSs-IaQJQtc_00.mp4,6.3,0.117,0.598,head-on
videos/QiRF34ZCDBo_00.mp4,5.4,0.576,0.432,head-on
videos/6oymx7wBmjw_00.mp4,4.0,0.383,0.094,head-on
videos/CBPD-SF1p90_00.mp4,10.1,0.42,0.535,head-on
videos/mOwuW8t6-GQ_2_00.mp4,8.3,0.243,0.112,head-on
videos/mUvPuML7-2k_00.mp4,11.6,0.418,0.156,head-on
videos/oBN7DtMXoSw_00.mp4,12.0,0.661,0.69,head-on
videos/kbpb8IGOAP0_00.mp4,9.1,0.239,0.601,head-on
videos/cCofNt_oBE8_00.mp4,4.3,0.451,0.624,head-on
videos/NJvjYUBWAc0_00.mp4,10.3,0.292,0.142,head-on
videos/R9r3my7Q7po_00.mp4,5.0,0.012,0.01,head-on
videos/4EJgJ6IcI9E_00.mp4,6.3,0.335,0.209,head-on
videos/UcJKeuDYOzc_8_00.mp4,4.5,0.037,0.269,head-on
videos/k-QTjGUDtZY_00.mp4,2.7,0.493,0.616,head-on
videos/yzNEliTlFGk_00.mp4,3.5,0.028,0.041,head-on
videos/zqhQY3WbRjY_00.mp4,9.9,0.336,0.302,head-on
videos/pyq3j3CobZ0_00.mp4,8.4,0.308,0.292,head-on
videos/U9lXW10TLQw_00.mp4,6.8,0.26,0.32,head-on
videos/fzWY0vLAXzI_00.mp4,5.0,0.484,0.249,head-on
videos/nFpT2-RpAS8_1_00.mp4,17.1,0.213,0.241,head-on
videos/4y9dRdOoEzE_00.mp4,9.0,0.015,0.157,head-on
videos/fIwRdglX1WE_00.mp4,3.0,0.139,0.027,head-on
videos/4jVVNw9AF2s_00.mp4,12.0,0.134,0.26,head-on
videos/WagIvmw1jcI_01.mp4,2.1,0.44,0.163,head-on
videos/russia11_00.mp4,11.6,0.438,0.13,head-on
videos/otYsKPJqTr0_00.mp4,13.8,0.248,0.219,head-on
videos/ooFHzXAx7EU_00.mp4,3.7,0.209,0.43,head-on
videos/WagIvmw1jcI_00.mp4,2.0,0.409,0.184,head-on
videos/4Bde0lYQ4mg_00.mp4,6.1,0.082,0.629,head-on
videos/9xwZ_urlz-k_00.mp4,2.8,0.387,0.623,head-on
videos/Jt65lD9BAPY_00.mp4,5.1,0.289,0.253,head-on
videos/qOKeWK8IZHs_00.mp4,4.3,0.182,0.025,head-on
videos/deUf0-ljSIs_00.mp4,8.8,0.518,0.595,head-on
videos/ov4h43VcSuQ_00.mp4,3.2,0.023,0.624,head-on
videos/Fix7_GpawXw_00.mp4,25.0,0.3,0.449,head-on
videos/RoaPLskRqF8_00.mp4,12.5,0.484,0.193,head-on
videos/yx-CTXIhAGA_00.mp4,3.1,0.662,0.121,head-on
videos/IrdhgFvZE1Y_00.mp4,1.9,0.544,0.035,head-on
videos/bSq7XtY629s_00.mp4,7.8,0.113,0.041,head-on
videos/7UHfU52BUbQ_00.mp4,5.9,0.201,0.611,head-on
videos/vcN-clDH2A8_00.mp4,17.9,0.284,0.275,head-on
videos/OcSiHrgFRNs_00.mp4,11.5,0.036,0.005,head-on
videos/EYPYs2UKPmE_00.mp4,7.7,0.569,0.225,head-on
videos/9nmufil1vvo_00.mp4,13.7,0.467,0.34,head-on
videos/jwhAPqcuObs_00.mp4,6.5,0.162,0.921,head-on
videos/oCp56IFmInU_00.mp4,5.9,0.131,0.026,head-on
videos/MxiC2UdOzE8_0_00.mp4,28.2,0.548,0.235,head-on
videos/IKBt_1zB87o_00.mp4,5.4,0.489,0.202,head-on
videos/Czp_f_DrRB8_00.mp4,6.4,0.324,0.308,head-on
videos/ITahkTaWzyQ_00.mp4,14.1,0.509,0.608,head-on
videos/UcJKeuDYOzc_4_00.mp4,3.7,0.137,0.207,head-on
videos/fy1ZkNZQhWA_00.mp4,1.1,0.156,0.619,head-on
videos/RmsH7RavMYM_00.mp4,8.1,0.025,0.119,head-on
videos/VVgQuJDBIfU_01.mp4,8.7,0.185,0.183,head-on
videos/_Bm8NYVbTN4_00.mp4,4.8,0.067,0.524,head-on
videos/6sgXO96LXOE_00.mp4,22.8,0.014,0.036,head-on
videos/jiiHFFhdKPc_00.mp4,5.9,0.112,0.134,head-on
videos/rEKHRhOLjm4_00.mp4,6.8,0.628,0.401,head-on
videos/LeRsK6lfpK8_01.mp4,3.2,0.482,0.147,head-on
videos/AuQz_-J2kzc_1_00.mp4,5.5,0.122,0.088,head-on
videos/6oymx7wBmjw_02.mp4,1.0,0.531,0.152,head-on
videos/9KTcbXYyzWI_00.mp4,13.9,0.293,0.038,head-on
videos/iA_u73BG4ZM_00.mp4,22.7,0.387,0.369,head-on
videos/6mVcTFd5TzI_14_00.mp4,3.6,0.028,0.193,head-on
videos/Lm_u8Ey-588_00.mp4,5.1,0.203,0.02,head-on
videos/-Y4PJwqDjGc_00.mp4,7.1,0.208,0.338,head-on
videos/kc_bYkuKn-g_00.mp4,9.7,0.187,0.552,head-on
videos/r-f6Tk6M_kQ_00.mp4,3.4,0.027,0.058,head-on
videos/07Eu77WorsY_00.mp4,7.6,0.287,0.375,head-on
videos/M1ooGq00a4w_00.mp4,6.5,0.345,0.373,head-on
videos/0oA6iej2zdk_00.mp4,10.6,0.796,0.219,head-on
videos/YObeSti3p2M_00.mp4,14.5,0.399,0.388,head-on
videos/ALFF5620ljk_10_00.mp4,5.4,0.075,0.304,head-on
videos/ZDbR2jCDXjM_00.mp4,4.1,0.33,0.327,head-on
videos/WigzRPlpVlQ_00.mp4,5.0,0.573,0.413,head-on
videos/eilpGahN9JI_00.mp4,9.4,0.089,0.565,head-on
videos/Ib9wzyr5GqE_00.mp4,7.1,0.056,0.616,head-on
videos/dHWTcKj5oY4_00.mp4,14.9,0.247,0.029,head-on
videos/pA6q7Q2EQrw_3_00.mp4,2.7,0.548,0.192,head-on
videos/xJTY4uupVuI_00.mp4,6.0,0.328,0.722,head-on
videos/MenTH2yFi6c_00.mp4,12.5,0.238,0.292,head-on
videos/mEQxozTl1S4_00.mp4,4.5,0.482,0.835,head-on
videos/5CNGhR8vBBk_00.mp4,11.9,0.09,0.225,head-on
videos/qCDsyJKE1MA_00.mp4,5.3,0.29,0.375,head-on
videos/fK7DAi8Ybvc_00.mp4,12.5,0.185,0.297,head-on
videos/VbJ0P0Ranrw_00.mp4,1.9,0.013,0.152,head-on
videos/xKT7khciy-c_16_00.mp4,3.1,0.112,0.114,head-on
videos/HgLFvVtCXRw_00.mp4,13.6,0.342,0.456,head-on
videos/W0KJ7kxqtQo_00.mp4,8.6,0.414,0.44,head-on
videos/dO_jtPluv5Q_00.mp4,4.5,0.252,0.019,head-on
videos/9jZ67_1d5nU_00.mp4,5.3,0.471,0.367,head-on
videos/-PpBteU0p3Q_00.mp4,10.9,0.378,0.087,head-on
videos/rDkG2tN8W8o_00.mp4,12.3,0.188,0.123,head-on
videos/X0SCL-_zJ3o_00.mp4,24.4,0.266,0.178,head-on
videos/JdSFsM58Vrs_00.mp4,14.5,0.387,0.356,head-on
videos/T_MwU0oQIBs_0_00.mp4,2.1,0.018,0.635,head-on
videos/Tbl7dpfeXl8_00.mp4,12.7,0.031,0.088,head-on
videos/p6vrqyzdnSQ_00.mp4,9.5,0.262,0.616,head-on
videos/sfGi08xARHo_00.mp4,2.2,0.419,0.296,head-on
videos/GaAVUUYx9q8_00.mp4,3.3,0.32,0.961,head-on
videos/V3oNEkBwP7M_00.mp4,13.2,0.348,0.299,head-on
videos/T1WbCBVGCHg_8_00.mp4,9.8,0.286,0.423,head-on
videos/cSCM3PYMKRo_01.mp4,18.7,0.518,0.188,head-on
videos/afVZZ3v87cc_00.mp4,5.1,0.016,0.031,head-on
videos/QGey_zj5Cms_00.mp4,3.9,0.543,0.627,head-on
videos/TizK5BENdVg_00.mp4,5.5,0.229,0.327,head-on
videos/71QSBkIXKXI_00.mp4,7.9,0.157,0.507,head-on
videos/nFpT2-RpAS8_0_00.mp4,5.3,0.218,0.258,head-on
videos/7CO_LqgfiFg_00.mp4,11.4,0.452,0.365,head-on
videos/-yLuZ5wxAsc_00.mp4,16.5,0.429,0.313,head-on
videos/kaggle-fahaddalwai-cctvfootagevideo_5_00.mp4,5.6,0.167,0.163,head-on
videos/dGUCJwW8b1g_00.mp4,6.6,0.444,0.341,head-on
videos/_NywzqOXZGE_00.mp4,2.3,0.474,0.178,head-on
videos/jNwobbqjKiE_00.mp4,3.2,0.317,0.345,head-on
videos/SUjTl7OifoA_00.mp4,1.0,0.115,0.033,head-on
videos/3Xd6PxEvbNk_8_00.mp4,4.1,0.016,0.318,head-on
videos/-RE3XseZINA_00.mp4,1.9,0.14,0.608,head-on
videos/dbIlU1q8lfM_00.mp4,5.4,0.025,0.117,head-on
videos/XESYC4RcqGQ_02.mp4,7.3,0.289,0.046,head-on
videos/hiBY1OLw4RQ_00.mp4,6.6,0.166,0.937,head-on
videos/ed96OpSybeQ_00.mp4,13.8,0.022,0.013,head-on
videos/1D0KxP4drTU_00.mp4,9.1,0.592,0.123,head-on
videos/0jk4tWwDKqc_00.mp4,7.2,0.916,0.907,head-on
videos/W1hVOBEgpJA_00.mp4,7.6,0.741,0.546,head-on
videos/2vEysG50vYY_00.mp4,6.8,0.066,0.2,head-on
videos/CRu-S6GbqF0_00.mp4,3.9,0.028,0.624,head-on
videos/QiRO0xdhcdY_00.mp4,7.5,0.208,0.597,head-on
videos/ajxUuxbpAVQ_00.mp4,12.3,0.183,0.324,head-on
videos/a9U54ImNK2M_00.mp4,2.8,0.559,0.309,normal
videos/Urin3yuptr8_00.mp4,11.9,0.273,0.19,head-on
videos/qnyC61bVCJQ_00.mp4,6.1,0.207,0.312,head-on
videos/iguVq1mMWKg_00.mp4,2.8,0.308,0.618,head-on
videos/s80RaghtMRk_02.mp4,3.1,0.278,0.929,head-on
videos/udxjyNtNiV4_00.mp4,23.7,0.307,0.195,head-on
videos/RBriQvW6fa4_00.mp4,2.8,0.339,0.597,head-on
videos/7m77G8C7hiE_00.mp4,11.4,0.256,0.313,head-on
videos/w-oDFvzkC8o_00.mp4,9.6,0.099,0.099,head-on
videos/tm9gYOoBRmM_00.mp4,14.9,0.102,0.228,head-on
videos/tX9OSNQL0hg_00.mp4,3.5,0.147,0.253,head-on
videos/-qmYW4S3Xxo_00.mp4,10.2,0.151,0.309,head-on
videos/Z52L6jGdSkY_8_00.mp4,3.2,0.6,0.144,head-on
videos/TahWBItdUvQ_00.mp4,2.4,0.132,0.069,head-on
videos/GI1-kjZaEWM_00.mp4,6.7,0.171,0.069,head-on
videos/6z5WuGfCv1U_00.mp4,11.6,0.016,0.625,head-on
videos/RK-Btjd1oXs_00.mp4,3.2,0.191,0.937,head-on
videos/g9P2Y9bwPQQ_00.mp4,10.1,0.649,0.327,head-on
videos/7_GBBO6jreo_00.mp4,6.8,0.424,0.278,head-on
videos/5bxGXH9wjOs_01.mp4,8.4,0.156,0.326,head-on
videos/Y3OQspLTLok_00.mp4,28.3,0.078,0.105,head-on
videos/T1g7fA6Ad-g_00.mp4,17.3,0.043,0.342,head-on
videos/snpgCzf-mK4_00.mp4,8.5,0.262,0.261,head-on
videos/lkIQC6QRbys_00.mp4,2.5,0.19,0.018,head-on
videos/0ThWw_efieo_01.mp4,10.1,0.103,0.657,head-on
videos/OehnhIPFm4Q_04.mp4,4.7,0.616,0.12,head-on
videos/jiliVB6lsKE_00.mp4,2.8,0.095,0.637,head-on
videos/CwynQU9-yhE_00.mp4,14.7,0.124,0.141,head-on
videos/C5OJEzm0dio_00.mp4,2.4,0.205,0.078,head-on
videos/QUvymz7GOQc_00.mp4,1.5,0.515,0.277,head-on
videos/GjcgUDvSdls_00.mp4,7.4,0.2,0.12,head-on
videos/CV8iSUAmHvw_00.mp4,11.1,0.255,0.186,head-on
videos/mlv_VGdtang_00.mp4,3.2,0.996,0.451,head-on
videos/IxLBncFm-oE_00.mp4,8.3,0.138,0.312,head-on
videos/mhuM8U4OZw4_00.mp4,11.8,0.615,0.023,head-on
videos/dMUTwvfgKFQ_00.mp4,10.2,0.925,0.606,head-on
videos/VpQn6ugiG1M_00.mp4,3.9,0.129,0.028,head-on
videos/T5396f4sJ5w_00.mp4,1.9,0.241,0.053,head-on
videos/MCeomZE3fqw_00.mp4,10.6,0.301,0.309,head-on
videos/llwNilbilqg_00.mp4,28.5,0.355,0.205,head-on
videos/8G_gWFWoV3U_00.mp4,7.3,0.33,0.201,head-on
videos/4gFiGGeTp5w_0_00.mp4,2.3,0.107,0.227,head-on
videos/S_HTEVMQK5g_00.mp4,8.6,0.759,0.912,head-on
videos/video13_00.mp4,9.8,0.331,0.625,head-on
videos/eqwBLPxQ0z0_00.mp4,8.0,0.214,1.916,head-on
videos/fcc1sGDTQLM_00.mp4,15.2,0.499,0.374,head-on
videos/ysTXjULP4u8_00.mp4,10.6,0.269,0.194,head-on
videos/GINQ6xQrz94_00.mp4,8.9,0.693,0.535,head-on
videos/CIN6BgkbMDQ_00.mp4,14.4,0.503,0.468,head-on
videos/9PeFHB3oBKg_00.mp4,3.5,0.279,0.288,head-on
videos/uC7g8msxRak_00.mp4,4.2,0.233,0.461,head-on
videos/SVcqRcsvGak_00.mp4,9.6,0.334,0.6,head-on
videos/8o-2-9mO8C0_00.mp4,6.4,0.09,0.149,head-on
videos/y4Evv5By6sg_1_00.mp4,6.1,0.432,0.004,head-on
videos/kd7QwQqeJZQ_01.mp4,6.4,0.949,0.077,head-on
videos/whARwNPnlf0_00.mp4,3.4,0.54,0.431,head-on
videos/ljLoCD0O9fM_00.mp4,11.1,0.202,0.195,head-on
videos/iYAIZEocjbg_00.mp4,8.0,0.01,0.013,head-on
videos/AGn3mKAiKQY_00.mp4,19.9,0.76,0.233,head-on
videos/Er-dsvrO1UU_00.mp4,4.4,0.301,0.401,head-on
videos/42g5gRbzYhY_00.mp4,3.7,0.117,0.429,head-on
videos/QnEqrBCB7Ak_00.mp4,12.5,0.512,0.065,head-on
videos/y7FiOf3tpnk_00.mp4,10.6,0.269,0.463,head-on
videos/P9JZFMr8NeQ_00.mp4,15.5,0.413,0.175,head-on
videos/jiOupTjSods_00.mp4,10.9,0.01,0.946,head-on
videos/JKYjZ-tLgrw_00.mp4,7.3,0.261,0.905,head-on
videos/sppaLXwUokY_00.mp4,10.9,0.527,0.498,head-on
videos/rQy2l6gxB8c_3_00.mp4,11.8,0.105,0.049,head-on
videos/jF_WIm0oxLc_00.mp4,10.2,0.223,0.353,head-on
videos/cF1M5Rhn8Zs_00.mp4,2.1,0.028,0.033,head-on
videos/WqO5068PPhA_00.mp4,20.3,0.421,0.231,head-on
videos/tSSn6ZA4cfI_00.mp4,2.6,0.01,0.453,head-on
videos/ieFXAiS97A0_5_00.mp4,5.8,0.044,0.029,head-on
videos/BBFzGfSLEZE_00.mp4,14.3,0.455,0.344,head-on
videos/AjhYRdkLdRc_00.mp4,11.2,0.266,0.362,head-on
videos/russia14_00.mp4,5.4,0.969,0.112,head-on
videos/0sxbjc7SAZA_00.mp4,7.1,0.407,0.397,head-on
videos/nHKTuIJZA1U_00.mp4,2.6,0.428,0.17,head-on
videos/bEwsn-J8API_00.mp4,7.4,0.298,0.348,head-on
videos/6mVcTFd5TzI_20_00.mp4,3.1,0.028,0.19,head-on
videos/IgfiZK91D64_00.mp4,13.4,0.366,0.939,head-on
videos/V57SWCl2WTc_00.mp4,9.3,0.462,0.111,head-on
videos/7O4STdn35L0_00.mp4,2.9,0.404,0.315,head-on
videos/8eSV1Aza1uE_00.mp4,3.4,0.078,0.173,head-on
videos/O4eKyRwAKXQ_00.mp4,11.3,0.352,0.359,head-on
videos/EN-JKUXkwPQ_2_00.mp4,2.2,0.064,0.105,head-on
videos/Ej9_uEsIejA_00.mp4,7.5,0.187,0.023,head-on
videos/F810q1TVR94_00.mp4,7.9,0.287,0.258,head-on
videos/GsRdjuR2PpE_00.mp4,13.2,0.092,0.145,head-on
videos/L334aqEJxys_0_00.mp4,3.9,0.261,0.201,head-on
videos/4VuF1Be1yLE_00.mp4,21.3,0.297,0.49,head-on
videos/FaI91W7BO04_00.mp4,2.4,0.14,0.431,head-on
videos/KTGByI3N4G0_00.mp4,7.5,0.089,0.956,head-on
videos/KUBbn-T3XYI_00.mp4,4.9,0.06,0.132,head-on
videos/Fb1XWmXZTZw_00.mp4,8.6,0.381,0.248,head-on
videos/4uRL85n-kDw_00.mp4,3.5,0.306,0.938,head-on
videos/tDN-mwNSJc8_5_00.mp4,2.1,0.147,0.526,head-on
videos/russia16_00.mp4,4.1,0.543,1.049,head-on
videos/GD6usZ7O7UU_00.mp4,10.5,0.157,0.056,head-on
videos/uQHq1rdhTNQ_00.mp4,13.1,0.152,0.304,head-on
videos/OmriwRCPF7M_00.mp4,9.9,0.51,0.282,head-on
videos/UrmfisD-cpk_00.mp4,6.6,0.238,0.38,head-on
videos/hdyWKrR5uCk_00.mp4,3.5,0.576,0.556,head-on
videos/aD4MQN4ZM18_00.mp4,5.1,0.531,0.628,head-on
videos/yaP_9SJBWUg_00.mp4,15.0,0.544,0.074,head-on
videos/LVrfZ4HLlR4_00.mp4,5.9,0.427,0.596,head-on
videos/QQ3MyzcyOL4_00.mp4,10.1,0.073,0.713,head-on
videos/aQRTpyTLTV0_00.mp4,11.5,0.448,0.5,head-on
videos/_KmJLS_TJKY_00.mp4,4.0,0.343,0.107,head-on
videos/TwHVVK-smoQ_00.mp4,13.1,0.61,0.379,head-on
videos/HROdEY9OZk4_00.mp4,6.8,0.743,0.458,head-on
videos/6hJ8mYLUfE8_00.mp4,12.3,0.273,0.079,head-on
videos/C0faYXs1tA4_00.mp4,12.2,0.287,0.013,head-on
videos/vbIXlHZnRo4_00.mp4,6.5,0.733,0.47,head-on
videos/X59Tadp1bjg_00.mp4,11.4,0.232,0.146,head-on
videos/9DRFJxKHc6g_4_00.mp4,6.8,0.132,0.501,head-on
videos/cZkJ009T8mU_00.mp4,22.2,0.2,0.301,head-on
videos/PAStSUrr8h0_00.mp4,11.5,0.419,0.157,head-on
videos/pA6q7Q2EQrw_22_00.mp4,1.7,0.522,0.576,head-on
videos/6mVcTFd5TzI_18_00.mp4,4.3,0.027,0.193,head-on
videos/nS5_c56gJKM_00.mp4,12.3,0.35,0.361,head-on
videos/russia19_00.mp4,5.1,1.215,0.12,head-on
videos/PaOMI4lZ7UI_00.mp4,1.2,0.691,0.476,head-on
videos/X6sdr4NzEdU_00.mp4,16.4,0.212,0.174,head-on
videos/ZoffyoNXhOo_00.mp4,2.9,0.885,0.361,head-on
videos/obqvQOIyzL4_00.mp4,24.8,0.516,0.609,head-on
videos/fxiCDDZx2YM_00.mp4,5.0,0.354,0.02,head-on
videos/UZmfc00aSSQ_00.mp4,2.1,0.724,0.562,head-on
videos/gVXvlSSUr88_00.mp4,8.3,0.347,0.912,head-on
videos/xpVTZU4KeZA_00.mp4,6.5,0.395,0.27,head-on
videos/vOurgVV6O90_00.mp4,5.5,0.188,0.256,head-on
videos/rNaMkFBhxmI_00.mp4,3.6,0.337,0.151,head-on
videos/Uc85umAPCc0_00.mp4,20.5,0.132,0.643,head-on
videos/5lfIORCL5FA_00.mp4,6.9,0.382,0.257,head-on
videos/J2BlH3gdl0k_00.mp4,3.9,0.094,0.454,head-on
videos/aRQeSqO9Ri4_00.mp4,6.4,0.176,0.427,head-on
videos/HMh6V4MXD38_00.mp4,7.2,0.209,0.312,head-on
videos/gp_9zTMpVrs_00.mp4,10.3,0.321,0.219,head-on
videos/dVgyJhT1tiQ_00.mp4,7.5,0.623,0.386,head-on
videos/2OnAsVRtNQM_00.mp4,12.9,0.19,0.28,head-on
videos/l2iiHvICI2Y_00.mp4,1.0,0.273,0.333,head-on
videos/5TdEe3ikbEM_00.mp4,3.4,0.115,0.508,head-on
videos/WXUOlgOESJ4_00.mp4,5.5,0.218,0.403,head-on
videos/qq34-Ch0SYE_00.mp4,6.5,0.306,0.216,head-on
videos/03HtRCJa8Yk_00.mp4,12.7,0.178,0.432,head-on
videos/7sPi12elNPc_00.mp4,9.2,0.44,0.396,head-on
videos/NXGMpjaYFsw_00.mp4,8.6,0.263,0.262,head-on
videos/neiYtur4FOY_00.mp4,13.4,0.36,0.367,head-on
videos/wqYFt0bcNrA_00.mp4,6.6,0.32,0.358,head-on
videos/o51jfgj-KEA_00.mp4,5.8,0.237,0.554,head-on
videos/6nlROBgKAnA_00.mp4,9.6,0.597,0.279,head-on
videos/XTAIiEEE8dU_00.mp4,13.0,0.026,0.374,head-on
videos/WDKy_7gwkwI_00.mp4,6.6,0.322,0.258,head-on
videos/cPyZuPSQrkI_00.mp4,12.4,0.017,0.31,head-on
videos/CD0ra7MBJJc_00.mp4,1.6,0.281,0.365,head-on
videos/e6ZQvn6NyLI_00.mp4,4.5,0.387,0.218,head-on
videos/mCR74lvVPdY_00.mp4,2.7,0.23,0.037,head-on
videos/UUZr6xfWXPg_00.mp4,12.4,0.524,0.061,head-on
videos/Aj5AlGboqeI_00.mp4,10.8,0.548,0.53,head-on
videos/62-L7OtC4tg_00.mp4,12.3,0.085,0.095,head-on
videos/hFaYR4zsGzA_00.mp4,20.5,0.522,0.154,head-on
videos/snZGxCZ7vFM_00.mp4,3.1,0.332,0.605,head-on
videos/p-Tdocrz9HI_00.mp4,3.9,0.168,0.063,head-on
videos/pS5SXfuqz-4_00.mp4,3.2,0.222,0.409,head-on
videos/S7Wa2Cag7ik_00.mp4,6.4,0.262,0.031,head-on
videos/dCV66Y9tV1s_00.mp4,10.5,0.423,0.149,head-on
videos/IjYlfr_dwaE_00.mp4,4.9,0.177,0.312,head-on
videos/jCoAyWsIyv8_00.mp4,8.0,0.396,0.362,head-on
videos/nnY1sFj3-Ag_00.mp4,10.5,0.222,0.471,head-on
videos/dZ-F8lZ16-A_00.mp4,5.7,0.462,0.375,head-on
videos/WroDrfySdmc_00.mp4,1.8,0.36,0.631,head-on
videos/7v3_mO6HyPk_00.mp4,1.5,0.349,0.612,head-on
videos/c4exlXawFaM_00.mp4,5.5,0.348,0.135,head-on
videos/yj1M5Qp3k4w_00.mp4,4.0,0.202,0.625,head-on
videos/fgsiojBKfKY_00.mp4,10.8,0.357,0.042,head-on
videos/TAx0an0Jo84_00.mp4,6.7,0.154,0.128,head-on
videos/0DB7w7rLGrk_00.mp4,7.8,0.228,0.415,head-on
videos/eQ1QDZ811c0_00.mp4,3.8,0.17,0.463,head-on
videos/qCBttHwTwnQ_00.mp4,3.6,0.607,0.261,head-on
videos/ozOAT76M0PM_00.mp4,6.8,0.019,0.366,head-on
videos/xPNA0BFy_og_00.mp4,13.0,0.225,0.529,head-on
videos/OIbLSlLL47A_00.mp4,6.0,0.316,0.622,head-on
videos/ui52V2KkRN4_00.mp4,3.8,0.485,0.462,head-on
videos/kgifRjE69lo_00.mp4,10.1,0.593,0.242,head-on
videos/QmNsR_29zIs_00.mp4,22.4,0.729,0.916,head-on
videos/C7gOL8qM71E_00.mp4,4.8,0.396,0.088,head-on
videos/p5G4xCcukEA_00.mp4,4.9,0.17,0.087,head-on
videos/wScVipt0pWk_12_00.mp4,3.2,0.656,0.011,head-on
videos/8uCJX3Qp78g_00.mp4,9.8,0.479,0.369,head-on
videos/Ywhp-yEW60k_00.mp4,7.7,0.288,0.088,head-on
videos/Rnip1LReTsg_00.mp4,19.2,0.12,0.38,head-on
videos/XLGAfvkvHO0_00.mp4,4.9,0.039,0.051,head-on
videos/br57It5-6lM_00.mp4,4.4,0.17,0.116,head-on
videos/jriayW0n33c_00.mp4,11.7,0.044,0.025,head-on
videos/cdKTiLurgOI_00.mp4,1.3,0.413,0.322,head-on
videos/zWKHAyNKlF4_00.mp4,7.3,0.047,0.032,head-on
videos/6wze8ucfW1g_00.mp4,7.7,0.244,0.345,head-on
videos/s80RaghtMRk_04.mp4,4.1,0.673,0.173,head-on
videos/ej0GaDepmoQ_00.mp4,7.1,0.275,0.374,head-on
videos/Dupsb1RMpXM_00.mp4,4.7,0.094,0.172,head-on
videos/WFPy6Jpx5iE_00.mp4,14.5,0.333,0.283,head-on
videos/AJKLxHzIHYY_9_00.mp4,3.5,0.018,0.024,head-on
videos/pb5K0aVve9o_00.mp4,11.0,0.234,0.68,head-on
videos/AJKLxHzIHYY_15_00.mp4,8.2,0.025,0.303,head-on
